#HIMS 5, Width 16 pulse, 146
t(ms), signal(%full range)
0.003, 4.920
0.008, 4.148
0.013, 3.816
0.018, 3.752
0.023, 3.866
0.028, 4.040
0.033, 4.212
0.038, 4.332
0.043, 4.437
0.048, 4.522
0.053, 4.581
0.058, 4.592
0.063, 4.596
0.068, 4.602
0.073, 4.590
0.078, 4.577
0.083, 4.833
0.088, 5.503
0.093, 5.817
0.098, 5.871
0.103, 5.790
0.108, 5.651
0.113, 5.494
0.118, 5.338
0.123, 5.216
0.128, 5.128
0.133, 5.079
0.138, 5.040
0.143, 5.031
0.148, 5.034
0.153, 5.042
0.158, 5.028
0.163, 5.040
0.168, 5.033
0.173, 5.035
0.178, 5.030
0.183, 5.048
0.188, 5.049
0.193, 5.051
0.198, 5.063
0.203, 5.074
0.208, 5.088
0.213, 5.083
0.218, 5.091
0.223, 5.091
0.228, 5.092
0.233, 5.080
0.238, 5.082
0.243, 5.084
0.248, 5.093
0.253, 5.099
0.258, 5.097
0.263, 5.096
0.268, 5.103
0.273, 5.106
0.278, 5.092
0.283, 5.109
0.288, 5.105
0.293, 5.112
0.298, 5.121
0.303, 5.118
0.308, 5.126
0.313, 5.133
0.318, 5.138
0.323, 5.141
0.328, 5.129
0.333, 5.124
0.338, 5.124
0.343, 5.129
0.348, 5.122
0.353, 5.126
0.358, 5.138
0.363, 5.125
0.368, 5.135
0.373, 5.130
0.378, 5.129
0.383, 5.146
0.388, 5.137
0.393, 5.136
0.398, 5.129
0.403, 5.130
0.408, 5.131
0.413, 5.133
0.418, 5.137
0.423, 5.143
0.428, 5.153
0.433, 5.143
0.438, 5.149
0.443, 5.153
0.448, 5.162
0.453, 5.166
0.458, 5.160
0.463, 5.162
0.468, 5.177
0.473, 5.180
0.478, 5.165
0.483, 5.167
0.488, 5.174
0.493, 5.171
0.498, 5.155
0.503, 5.154
0.508, 5.161
0.513, 5.167
0.518, 5.162
0.523, 5.170
0.528, 5.152
0.533, 5.163
0.538, 5.162
0.543, 5.168
0.548, 5.169
0.553, 5.191
0.558, 5.181
0.563, 5.177
0.568, 5.183
0.573, 5.188
0.578, 5.179
0.583, 5.169
0.588, 5.177
0.593, 5.182
0.598, 5.172
0.603, 5.172
0.608, 5.194
0.613, 5.188
0.618, 5.176
0.623, 5.160
0.628, 5.167
0.633, 5.175
0.638, 5.175
0.643, 5.178
0.648, 5.183
0.653, 5.173
0.658, 5.167
0.663, 5.172
0.668, 5.170
0.673, 5.174
0.678, 5.170
0.683, 5.166
0.688, 5.164
0.693, 5.163
0.698, 5.171
0.703, 5.170
0.708, 5.170
0.713, 5.180
0.718, 5.189
0.723, 5.198
0.728, 5.193
0.733, 5.194
0.738, 5.182
0.743, 5.167
0.748, 5.162
0.753, 5.166
0.758, 5.168
0.763, 5.164
0.768, 5.168
0.773, 5.173
0.778, 5.184
0.783, 5.180
0.788, 5.178
0.793, 5.191
0.798, 5.190
0.803, 5.179
0.808, 5.179
0.813, 5.178
0.818, 5.181
0.823, 5.169
0.828, 5.176
0.833, 5.170
0.838, 5.175
0.843, 5.156
0.848, 5.153
0.853, 5.152
0.858, 5.153
0.863, 5.154
0.868, 5.168
0.873, 5.175
0.878, 5.185
0.883, 5.191
0.888, 5.204
0.893, 5.189
0.898, 5.178
0.903, 5.177
0.908, 5.174
0.913, 5.172
0.918, 5.165
0.923, 5.162
0.928, 5.176
0.933, 5.170
0.938, 5.172
0.943, 5.183
0.948, 5.182
0.953, 5.175
0.958, 5.166
0.963, 5.184
0.968, 5.183
0.973, 5.165
0.978, 5.160
0.983, 5.165
0.988, 5.166
0.993, 5.159
0.998, 5.156
1.003, 5.154
1.008, 5.153
1.013, 5.168
1.018, 5.157
1.023, 5.153
1.028, 5.163
1.033, 5.160
1.038, 5.177
1.043, 5.173
1.048, 5.165
1.053, 5.176
1.058, 5.152
1.063, 5.171
1.068, 5.163
1.073, 5.170
1.078, 5.169
1.083, 5.155
1.088, 5.138
1.093, 5.147
1.098, 5.155
1.103, 5.169
1.108, 5.169
1.113, 5.177
1.118, 5.172
1.123, 5.180
1.128, 5.170
1.133, 5.159
1.138, 5.141
1.143, 5.145
1.148, 5.140
1.153, 5.137
1.158, 5.128
1.163, 5.136
1.168, 5.139
1.173, 5.149
1.178, 5.168
1.183, 5.166
1.188, 5.164
1.193, 5.177
1.198, 5.174
1.203, 5.186
1.208, 5.174
1.213, 5.165
1.218, 5.159
1.223, 5.155
1.228, 5.134
1.233, 5.144
1.238, 5.141
1.243, 5.129
1.248, 5.133
1.253, 5.122
1.258, 5.144
1.263, 5.148
1.268, 5.162
1.273, 5.167
1.278, 5.165
1.283, 5.162
1.288, 5.161
1.293, 5.156
1.298, 5.160
1.303, 5.167
1.308, 5.154
1.313, 5.142
1.318, 5.155
1.323, 5.141
1.328, 5.127
1.333, 5.128
1.338, 5.139
1.343, 5.133
1.348, 5.115
1.353, 5.150
1.358, 5.147
1.363, 5.150
1.368, 5.161
1.373, 5.152
1.378, 5.138
1.383, 5.141
1.388, 5.147
1.393, 5.150
1.398, 5.148
1.403, 5.156
1.408, 5.165
1.413, 5.152
1.418, 5.166
1.423, 5.161
1.428, 5.151
1.433, 5.158
1.438, 5.166
1.443, 5.158
1.448, 5.159
1.453, 5.166
1.458, 5.159
1.463, 5.144
1.468, 5.149
1.473, 5.154
1.478, 5.164
1.483, 5.149
1.488, 5.136
1.493, 5.129
1.498, 5.145
1.503, 5.141
1.508, 5.134
1.513, 5.137
1.518, 5.151
1.523, 5.149
1.528, 5.155
1.533, 5.151
1.538, 5.148
1.543, 5.145
1.548, 5.150
1.553, 5.146
1.558, 5.153
1.563, 5.154
1.568, 5.148
1.573, 5.153
1.578, 5.156
1.583, 5.158
1.588, 5.140
1.593, 5.132
1.598, 5.137
1.603, 5.149
1.608, 5.144
1.613, 5.149
1.618, 5.156
1.623, 5.154
1.628, 5.133
1.633, 5.133
1.638, 5.136
1.643, 5.142
1.648, 5.143
1.653, 5.142
1.658, 5.145
1.663, 5.140
1.668, 5.140
1.673, 5.154
1.678, 5.151
1.683, 5.152
1.688, 5.153
1.693, 5.160
1.698, 5.154
1.703, 5.163
1.708, 5.160
1.713, 5.159
1.718, 5.138
1.723, 5.143
1.728, 5.145
1.733, 5.138
1.738, 5.140
1.743, 5.130
1.748, 5.127
1.753, 5.143
1.758, 5.145
1.763, 5.150
1.768, 5.158
1.773, 5.156
1.778, 5.143
1.783, 5.150
1.788, 5.154
1.793, 5.145
1.798, 5.134
1.803, 5.128
1.808, 5.136
1.813, 5.142
1.818, 5.132
1.823, 5.120
1.828, 5.119
1.833, 5.124
1.838, 5.133
1.843, 5.143
1.848, 5.157
1.853, 5.156
1.858, 5.145
1.863, 5.153
1.868, 5.139
1.873, 5.141
1.878, 5.119
1.883, 5.131
1.888, 5.130
1.893, 5.140
1.898, 5.147
1.903, 5.140
1.908, 5.141
1.913, 5.150
1.918, 5.147
1.923, 5.145
1.928, 5.143
1.933, 5.141
1.938, 5.142
1.943, 5.143
1.948, 5.136
1.953, 5.139
1.958, 5.122
1.963, 5.126
1.968, 5.129
1.973, 5.132
1.978, 5.130
1.983, 5.131
1.988, 5.132
1.993, 5.140
1.998, 5.133
2.003, 5.146
2.008, 5.150
2.013, 5.152
2.018, 5.144
2.023, 5.138
2.028, 5.139
2.033, 5.150
2.038, 5.142
2.043, 5.147
2.048, 5.144
2.053, 5.144
2.058, 5.140
2.063, 5.128
2.068, 5.131
2.073, 5.145
2.078, 5.141
2.083, 5.147
2.088, 5.142
2.093, 5.151
2.098, 5.133
2.103, 5.133
2.108, 5.134
2.113, 5.148
2.118, 5.132
2.123, 5.115
2.128, 5.129
2.133, 5.139
2.138, 5.133
2.143, 5.127
2.148, 5.130
2.153, 5.136
2.158, 5.146
2.163, 5.140
2.168, 5.145
2.173, 5.156
2.178, 5.142
2.183, 5.141
2.188, 5.124
2.193, 5.132
2.198, 5.117
2.203, 5.135
2.208, 5.136
2.213, 5.113
2.218, 5.127
2.223, 5.130
2.228, 5.127
2.233, 5.131
2.238, 5.140
2.243, 5.150
2.248, 5.144
2.253, 5.134
2.258, 5.138
2.263, 5.138
2.268, 5.148
2.273, 5.153
2.278, 5.136
2.283, 5.133
2.288, 5.131
2.293, 5.130
2.298, 5.124
2.303, 5.128
2.308, 5.129
2.313, 5.126
2.318, 5.124
2.323, 5.132
2.328, 5.147
2.333, 5.155
2.338, 5.163
2.343, 5.148
2.348, 5.151
2.353, 5.137
2.358, 5.128
2.363, 5.129
2.368, 5.139
2.373, 5.116
2.378, 5.130
2.383, 5.129
2.388, 5.123
2.393, 5.149
2.398, 5.163
2.403, 5.148
2.408, 5.142
2.413, 5.142
2.418, 5.144
2.423, 5.145
2.428, 5.150
2.433, 5.152
2.438, 5.159
2.443, 5.154
2.448, 5.151
2.453, 5.139
2.458, 5.145
2.463, 5.153
2.468, 5.146
2.473, 5.141
2.478, 5.146
2.483, 5.143
2.488, 5.159
2.493, 5.162
2.498, 5.154
2.503, 5.161
2.508, 5.144
2.513, 5.158
2.518, 5.157
2.523, 5.155
2.528, 5.138
2.533, 5.154
2.538, 5.159
2.543, 5.159
2.548, 5.148
2.553, 5.136
2.558, 5.133
2.563, 5.147
2.568, 5.143
2.573, 5.128
2.578, 5.152
2.583, 5.156
2.588, 5.172
2.593, 5.166
2.598, 5.142
2.603, 5.149
2.608, 5.150
2.613, 5.149
2.618, 5.158
2.623, 5.159
2.628, 5.148
2.633, 5.159
2.638, 5.167
2.643, 5.183
2.648, 5.174
2.653, 5.173
2.658, 5.185
2.663, 5.179
2.668, 5.172
2.673, 5.178
2.678, 5.170
2.683, 5.162
2.688, 5.154
2.693, 5.160
2.698, 5.155
2.703, 5.167
2.708, 5.158
2.713, 5.176
2.718, 5.185
2.723, 5.177
2.728, 5.160
2.733, 5.169
2.738, 5.180
2.743, 5.190
2.748, 5.181
2.753, 5.198
2.758, 5.182
2.763, 5.197
2.768, 5.178
2.773, 5.181
2.778, 5.185
2.783, 5.172
2.788, 5.172
2.793, 5.197
2.798, 5.215
2.803, 5.218
2.808, 5.229
2.813, 5.236
2.818, 5.239
2.823, 5.249
2.828, 5.239
2.833, 5.245
2.838, 5.250
2.843, 5.263
2.848, 5.255
2.853, 5.278
2.858, 5.299
2.863, 5.303
2.868, 5.324
2.873, 5.346
2.878, 5.373
2.883, 5.405
2.888, 5.447
2.893, 5.461
2.898, 5.494
2.903, 5.513
2.908, 5.533
2.913, 5.561
2.918, 5.573
2.923, 5.599
2.928, 5.616
2.933, 5.632
2.938, 5.632
2.943, 5.632
2.948, 5.612
2.953, 5.603
2.958, 5.592
2.963, 5.582
2.968, 5.561
2.973, 5.547
2.978, 5.553
2.983, 5.533
2.988, 5.514
2.993, 5.503
2.998, 5.493
3.003, 5.483
3.008, 5.490
3.013, 5.489
3.018, 5.497
3.023, 5.490
3.028, 5.476
3.033, 5.485
3.038, 5.483
3.043, 5.481
3.048, 5.489
3.053, 5.503
3.058, 5.534
3.063, 5.539
3.068, 5.561
3.073, 5.597
3.078, 5.647
3.083, 5.694
3.088, 5.795
3.093, 5.904
3.098, 6.052
3.103, 6.253
3.108, 6.470
3.113, 6.728
3.118, 7.043
3.123, 7.366
3.128, 7.695
3.133, 8.051
3.138, 8.411
3.143, 8.740
3.148, 9.040
3.153, 9.298
3.158, 9.520
3.163, 9.666
3.168, 9.744
3.173, 9.788
3.178, 9.744
3.183, 9.653
3.188, 9.481
3.193, 9.294
3.198, 9.047
3.203, 8.765
3.208, 8.477
3.213, 8.182
3.218, 7.879
3.223, 7.581
3.228, 7.320
3.233, 7.088
3.238, 6.877
3.243, 6.694
3.248, 6.538
3.253, 6.425
3.258, 6.318
3.263, 6.244
3.268, 6.211
3.273, 6.180
3.278, 6.157
3.283, 6.166
3.288, 6.143
3.293, 6.140
3.298, 6.154
3.303, 6.175
3.308, 6.192
3.313, 6.266
3.318, 6.351
3.323, 6.498
3.328, 6.724
3.333, 7.036
3.338, 7.480
3.343, 8.081
3.348, 8.840
3.353, 9.816
3.358, 11.016
3.363, 12.431
3.368, 14.105
3.373, 15.972
3.378, 18.022
3.383, 20.228
3.388, 22.513
3.393, 24.799
3.398, 27.014
3.403, 29.044
3.408, 30.859
3.413, 32.375
3.418, 33.536
3.423, 34.283
3.428, 34.611
3.433, 34.512
3.438, 34.004
3.443, 33.113
3.448, 31.878
3.453, 30.370
3.458, 28.642
3.463, 26.766
3.468, 24.777
3.473, 22.770
3.478, 20.818
3.483, 18.947
3.488, 17.199
3.493, 15.630
3.498, 14.243
3.503, 13.057
3.508, 12.054
3.513, 11.225
3.518, 10.603
3.523, 10.110
3.528, 9.753
3.533, 9.492
3.538, 9.323
3.543, 9.202
3.548, 9.125
3.553, 9.043
3.558, 8.980
3.563, 8.934
3.568, 8.859
3.573, 8.803
3.578, 8.721
3.583, 8.634
3.588, 8.538
3.593, 8.423
3.598, 8.297
3.603, 8.170
3.608, 8.044
3.613, 7.919
3.618, 7.784
3.623, 7.656
3.628, 7.520
3.633, 7.404
3.638, 7.295
3.643, 7.167
3.648, 7.057
3.653, 6.948
3.658, 6.847
3.663, 6.752
3.668, 6.661
3.673, 6.586
3.678, 6.504
3.683, 6.426
3.688, 6.364
3.693, 6.288
3.698, 6.216
3.703, 6.158
3.708, 6.104
3.713, 6.038
3.718, 5.995
3.723, 5.938
3.728, 5.895
3.733, 5.848
3.738, 5.805
3.743, 5.775
3.748, 5.735
3.753, 5.710
3.758, 5.687
3.763, 5.680
3.768, 5.649
3.773, 5.635
3.778, 5.607
3.783, 5.598
3.788, 5.579
3.793, 5.562
3.798, 5.551
3.803, 5.549
3.808, 5.509
3.813, 5.504
3.818, 5.506
3.823, 5.483
3.828, 5.484
3.833, 5.467
3.838, 5.468
3.843, 5.449
3.848, 5.442
3.853, 5.451
3.858, 5.444
3.863, 5.421
3.868, 5.430
3.873, 5.428
3.878, 5.420
3.883, 5.415
3.888, 5.409
3.893, 5.400
3.898, 5.394
3.903, 5.382
3.908, 5.379
3.913, 5.367
3.918, 5.362
3.923, 5.361
3.928, 5.369
3.933, 5.385
3.938, 5.375
3.943, 5.371
3.948, 5.379
3.953, 5.383
3.958, 5.366
3.963, 5.359
3.968, 5.361
3.973, 5.366
3.978, 5.351
3.983, 5.349
3.988, 5.351
3.993, 5.343
3.998, 5.345
4.003, 5.344
4.008, 5.344
4.013, 5.359
4.018, 5.360
4.023, 5.366
4.028, 5.369
4.033, 5.367
4.038, 5.341
4.043, 5.347
4.048, 5.345
4.053, 5.324
4.058, 5.327
4.063, 5.321
4.068, 5.317
4.073, 5.327
4.078, 5.322
4.083, 5.319
4.088, 5.306
4.093, 5.316
4.098, 5.336
4.103, 5.335
4.108, 5.333
4.113, 5.321
4.118, 5.323
4.123, 5.334
4.128, 5.322
4.133, 5.302
4.138, 5.300
4.143, 5.305
4.148, 5.296
4.153, 5.307
4.158, 5.316
4.163, 5.333
4.168, 5.343
4.173, 5.348
4.178, 5.364
4.183, 5.376
4.188, 5.370
4.193, 5.381
4.198, 5.398
4.203, 5.402
4.208, 5.417
4.213, 5.423
4.218, 5.429
4.223, 5.445
4.228, 5.463
4.233, 5.490
4.238, 5.525
4.243, 5.560
4.248, 5.586
4.253, 5.620
4.258, 5.642
4.263, 5.661
4.268, 5.676
4.273, 5.685
4.278, 5.707
4.283, 5.705
4.288, 5.703
4.293, 5.693
4.298, 5.692
4.303, 5.661
4.308, 5.647
4.313, 5.625
4.318, 5.597
4.323, 5.580
4.328, 5.552
4.333, 5.523
4.338, 5.502
4.343, 5.493
4.348, 5.462
4.353, 5.440
4.358, 5.415
4.363, 5.381
4.368, 5.363
4.373, 5.339
4.378, 5.323
4.383, 5.308
4.388, 5.307
4.393, 5.296
4.398, 5.290
4.403, 5.275
4.408, 5.296
4.413, 5.282
4.418, 5.283
4.423, 5.281
4.428, 5.296
4.433, 5.293
4.438, 5.298
4.443, 5.288
4.448, 5.308
4.453, 5.303
4.458, 5.303
4.463, 5.278
4.468, 5.271
4.473, 5.281
4.478, 5.280
4.483, 5.289
4.488, 5.290
4.493, 5.261
4.498, 5.272
4.503, 5.265
4.508, 5.260
4.513, 5.258
4.518, 5.259
4.523, 5.256
4.528, 5.260
4.533, 5.250
4.538, 5.263
4.543, 5.261
4.548, 5.243
4.553, 5.256
4.558, 5.240
4.563, 5.233
4.568, 5.233
4.573, 5.235
4.578, 5.247
4.583, 5.238
4.588, 5.231
4.593, 5.236
4.598, 5.219
4.603, 5.211
4.608, 5.207
4.613, 5.199
4.618, 5.195
4.623, 5.207
4.628, 5.198
4.633, 5.199
4.638, 5.190
4.643, 5.177
4.648, 5.181
4.653, 5.189
4.658, 5.205
4.663, 5.201
4.668, 5.220
4.673, 5.209
4.678, 5.209
4.683, 5.204
4.688, 5.184
4.693, 5.190
4.698, 5.202
4.703, 5.197
4.708, 5.195
4.713, 5.174
4.718, 5.186
4.723, 5.179
4.728, 5.181
4.733, 5.178
4.738, 5.182
4.743, 5.192
4.748, 5.202
4.753, 5.202
4.758, 5.196
4.763, 5.183
4.768, 5.181
4.773, 5.184
4.778, 5.175
4.783, 5.184
4.788, 5.187
4.793, 5.194
4.798, 5.190
4.803, 5.191
4.808, 5.182
4.813, 5.194
4.818, 5.192
4.823, 5.188
4.828, 5.178
4.833, 5.188
4.838, 5.184
4.843, 5.188
4.848, 5.173
4.853, 5.183
4.858, 5.183
4.863, 5.185
4.868, 5.171
4.873, 5.170
4.878, 5.167
4.883, 5.175
4.888, 5.173
4.893, 5.170
4.898, 5.166
4.903, 5.172
4.908, 5.181
4.913, 5.183
4.918, 5.195
4.923, 5.191
4.928, 5.188
4.933, 5.200
4.938, 5.187
4.943, 5.177
4.948, 5.166
4.953, 5.173
4.958, 5.174
4.963, 5.187
4.968, 5.188
4.973, 5.196
4.978, 5.197
4.983, 5.200
4.988, 5.208
4.993, 5.214
4.998, 5.206
5.003, 5.202
5.008, 5.179
5.013, 5.180
5.018, 5.176
5.023, 5.174
5.028, 5.171
5.033, 5.181
5.038, 5.167
5.043, 5.172
5.048, 5.183
5.053, 5.164
5.058, 5.187
5.063, 5.189
5.068, 5.197
5.073, 5.192
5.078, 5.185
5.083, 5.183
5.088, 5.175
5.093, 5.164
5.098, 5.163
5.103, 5.180
5.108, 5.174
5.113, 5.162
5.118, 5.163
5.123, 5.170
5.128, 5.165
5.133, 5.176
5.138, 5.167
5.143, 5.176
5.148, 5.180
5.153, 5.180
5.158, 5.181
5.163, 5.176
5.168, 5.175
5.173, 5.179
5.178, 5.179
5.183, 5.166
5.188, 5.157
5.193, 5.143
5.198, 5.147
5.203, 5.188
5.208, 5.201
5.213, 5.203
5.218, 5.205
5.223, 5.222
5.228, 5.225
5.233, 5.224
5.238, 5.223
5.243, 5.218
5.248, 5.203
5.253, 5.215
5.258, 5.212
5.263, 5.195
5.268, 5.205
5.273, 5.191
5.278, 5.193
5.283, 5.194
5.288, 5.196
5.293, 5.190
5.298, 5.214
5.303, 5.211
5.308, 5.204
5.313, 5.213
5.318, 5.206
5.323, 5.195
5.328, 5.189
5.333, 5.191
5.338, 5.186
5.343, 5.195
5.348, 5.195
5.353, 5.193
5.358, 5.190
5.363, 5.209
5.368, 5.207
5.373, 5.203
5.378, 5.196
5.383, 5.188
5.388, 5.206
5.393, 5.191
5.398, 5.185
5.403, 5.213
5.408, 5.203
5.413, 5.203
5.418, 5.192
5.423, 5.190
5.428, 5.184
5.433, 5.182
5.438, 5.178
5.443, 5.186
5.448, 5.196
5.453, 5.186
5.458, 5.178
5.463, 5.180
5.468, 5.179
5.473, 5.181
5.478, 5.194
5.483, 5.199
5.488, 5.191
5.493, 5.185
5.498, 5.188
5.503, 5.192
5.508, 5.197
5.513, 5.186
5.518, 5.182
5.523, 5.183
5.528, 5.177
5.533, 5.180
5.538, 5.179
5.543, 5.194
5.548, 5.186
5.553, 5.196
5.558, 5.200
5.563, 5.198
5.568, 5.211
5.573, 5.197
5.578, 5.187
5.583, 5.196
5.588, 5.189
5.593, 5.191
5.598, 5.183
5.603, 5.181
5.608, 5.185
5.613, 5.187
5.618, 5.201
5.623, 5.205
5.628, 5.213
5.633, 5.229
5.638, 5.223
5.643, 5.207
5.648, 5.207
5.653, 5.210
5.658, 5.213
5.663, 5.193
5.668, 5.215
5.673, 5.188
5.678, 5.204
5.683, 5.201
5.688, 5.209
5.693, 5.199
5.698, 5.202
5.703, 5.210
5.708, 5.203
5.713, 5.210
5.718, 5.217
5.723, 5.210
5.728, 5.211
5.733, 5.215
5.738, 5.197
5.743, 5.205
5.748, 5.206
5.753, 5.190
5.758, 5.180
5.763, 5.176
5.768, 5.177
5.773, 5.186
5.778, 5.182
5.783, 5.182
5.788, 5.192
5.793, 5.185
5.798, 5.181
5.803, 5.182
5.808, 5.179
5.813, 5.184
5.818, 5.187
5.823, 5.186
5.828, 5.189
5.833, 5.191
5.838, 5.202
5.843, 5.208
5.848, 5.205
5.853, 5.188
5.858, 5.178
5.863, 5.190
5.868, 5.189
5.873, 5.194
5.878, 5.184
5.883, 5.185
5.888, 5.187
5.893, 5.182
5.898, 5.183
5.903, 5.178
5.908, 5.197
5.913, 5.183
5.918, 5.186
5.923, 5.182
5.928, 5.190
5.933, 5.202
5.938, 5.184
5.943, 5.189
5.948, 5.190
5.953, 5.187
5.958, 5.188
5.963, 5.184
5.968, 5.182
5.973, 5.177
5.978, 5.167
5.983, 5.169
5.988, 5.176
5.993, 5.178
5.998, 5.176
6.003, 5.179
6.008, 5.165
6.013, 5.171
6.018, 5.179
6.023, 5.187
6.028, 5.199
6.033, 5.204
6.038, 5.202
6.043, 5.204
6.048, 5.202
6.053, 5.183
6.058, 5.183
6.063, 5.188
6.068, 5.172
6.073, 5.167
6.078, 5.165
6.083, 5.166
6.088, 5.168
6.093, 5.182
6.098, 5.178
6.103, 5.179
6.108, 5.194
6.113, 5.208
6.118, 5.212
6.123, 5.203
6.128, 5.194
6.133, 5.190
6.138, 5.178
6.143, 5.198
6.148, 5.179
6.153, 5.173
6.158, 5.171
6.163, 5.163
6.168, 5.163
6.173, 5.164
6.178, 5.170
6.183, 5.190
6.188, 5.192
6.193, 5.186
6.198, 5.199
6.203, 5.186
6.208, 5.189
6.213, 5.189
6.218, 5.203
6.223, 5.191
6.228, 5.188
6.233, 5.185
6.238, 5.190
6.243, 5.184
6.248, 5.178
6.253, 5.172
6.258, 5.169
6.263, 5.184
6.268, 5.184
6.273, 5.195
6.278, 5.190
6.283, 5.192
6.288, 5.188
6.293, 5.190
6.298, 5.197
6.303, 5.195
6.308, 5.185
6.313, 5.181
6.318, 5.189
6.323, 5.190
6.328, 5.192
6.333, 5.183
6.338, 5.169
6.343, 5.186
6.348, 5.190
6.353, 5.196
6.358, 5.191
6.363, 5.195
6.368, 5.196
6.373, 5.200
6.378, 5.185
6.383, 5.189
6.388, 5.186
6.393, 5.192
6.398, 5.183
6.403, 5.195
6.408, 5.187
6.413, 5.175
6.418, 5.176
6.423, 5.180
6.428, 5.184
6.433, 5.185
6.438, 5.189
6.443, 5.189
6.448, 5.185
6.453, 5.176
6.458, 5.178
6.463, 5.176
6.468, 5.175
6.473, 5.172
6.478, 5.181
6.483, 5.186
6.488, 5.178
6.493, 5.173
6.498, 5.176
6.503, 5.182
6.508, 5.183
6.513, 5.190
6.518, 5.189
6.523, 5.200
6.528, 5.201
6.533, 5.198
6.538, 5.177
6.543, 5.170
6.548, 5.169
6.553, 5.168
6.558, 5.171
6.563, 5.181
6.568, 5.190
6.573, 5.187
6.578, 5.178
6.583, 5.185
6.588, 5.182
6.593, 5.205
6.598, 5.203
6.603, 5.210
6.608, 5.191
6.613, 5.193
6.618, 5.191
6.623, 5.201
6.628, 5.186
6.633, 5.184
6.638, 5.171
6.643, 5.166
6.648, 5.166
6.653, 5.160
6.658, 5.188
6.663, 5.199
6.668, 5.201
6.673, 5.195
6.678, 5.191
6.683, 5.202
6.688, 5.195
6.693, 5.195
6.698, 5.189
6.703, 5.200
6.708, 5.187
6.713, 5.204
6.718, 5.193
6.723, 5.200
6.728, 5.198
6.733, 5.180
6.738, 5.187
6.743, 5.187
6.748, 5.181
6.753, 5.183
6.758, 5.181
6.763, 5.189
6.768, 5.196
6.773, 5.189
6.778, 5.199
6.783, 5.191
6.788, 5.178
6.793, 5.181
6.798, 5.186
6.803, 5.188
6.808, 5.184
6.813, 5.186
6.818, 5.180
6.823, 5.196
6.828, 5.198
6.833, 5.196
6.838, 5.197
6.843, 5.200
6.848, 5.205
6.853, 5.196
6.858, 5.207
6.863, 5.208
6.868, 5.214
6.873, 5.205
6.878, 5.199
6.883, 5.187
6.888, 5.187
6.893, 5.182
6.898, 5.174
6.903, 5.194
6.908, 5.208
6.913, 5.207
6.918, 5.208
6.923, 5.208
6.928, 5.201
6.933, 5.200
6.938, 5.181
6.943, 5.187
6.948, 5.180
6.953, 5.188
6.958, 5.177
6.963, 5.192
6.968, 5.177
6.973, 5.169
6.978, 5.183
6.983, 5.190
6.988, 5.193
6.993, 5.217
6.998, 5.228
7.003, 5.225
7.008, 5.214
7.013, 5.209
7.018, 5.200
7.023, 5.190
7.028, 5.185
7.033, 5.179
7.038, 5.184
7.043, 5.183
7.048, 5.184
7.053, 5.182
7.058, 5.182
7.063, 5.181
7.068, 5.182
7.073, 5.188
7.078, 5.204
7.083, 5.223
7.088, 5.209
7.093, 5.201
7.098, 5.197
7.103, 5.199
7.108, 5.190
7.113, 5.191
7.118, 5.190
7.123, 5.164
7.128, 5.182
7.133, 5.185
7.138, 5.187
7.143, 5.189
7.148, 5.203
7.153, 5.197
7.158, 5.193
7.163, 5.202
7.168, 5.185
7.173, 5.197
7.178, 5.210
7.183, 5.201
7.188, 5.189
7.193, 5.184
7.198, 5.180
7.203, 5.202
7.208, 5.200
7.213, 5.193
7.218, 5.180
7.223, 5.182
7.228, 5.178
7.233, 5.184
7.238, 5.196
7.243, 5.199
7.248, 5.198
7.253, 5.207
7.258, 5.203
7.263, 5.213
7.268, 5.208
7.273, 5.200
7.278, 5.195
7.283, 5.203
7.288, 5.197
7.293, 5.189
7.298, 5.189
7.303, 5.194
7.308, 5.205
7.313, 5.197
7.318, 5.201
7.323, 5.209
7.328, 5.199
7.333, 5.209
7.338, 5.208
7.343, 5.200
7.348, 5.215
7.353, 5.215
7.358, 5.213
7.363, 5.218
7.368, 5.202
7.373, 5.174
7.378, 5.195
7.383, 5.201
7.388, 5.191
7.393, 5.206
7.398, 5.210
7.403, 5.198
7.408, 5.207
7.413, 5.204
7.418, 5.202
7.423, 5.193
7.428, 5.194
7.433, 5.196
7.438, 5.189
7.443, 5.185
7.448, 5.174
7.453, 5.193
7.458, 5.199
7.463, 5.191
7.468, 5.206
7.473, 5.207
7.478, 5.228
7.483, 5.216
7.488, 5.201
7.493, 5.198
7.498, 5.195
7.503, 5.190
7.508, 5.182
7.513, 5.187
7.518, 5.180
7.523, 5.188
7.528, 5.183
7.533, 5.178
7.538, 5.190
7.543, 5.196
7.548, 5.191
7.553, 5.203
7.558, 5.207
7.563, 5.198
7.568, 5.197
7.573, 5.202
7.578, 5.188
7.583, 5.199
7.588, 5.186
7.593, 5.169
7.598, 5.175
7.603, 5.176
7.608, 5.169
7.613, 5.186
7.618, 5.191
7.623, 5.194
7.628, 5.210
7.633, 5.195
7.638, 5.193
7.643, 5.198
7.648, 5.195
7.653, 5.204
7.658, 5.191
7.663, 5.180
7.668, 5.185
7.673, 5.194
7.678, 5.173
7.683, 5.178
7.688, 5.189
7.693, 5.186
7.698, 5.165
7.703, 5.180
7.708, 5.184
7.713, 5.176
7.718, 5.175
7.723, 5.182
7.728, 5.176
7.733, 5.191
7.738, 5.170
7.743, 5.179
7.748, 5.178
7.753, 5.179
7.758, 5.188
7.763, 5.198
7.768, 5.183
7.773, 5.184
7.778, 5.176
7.783, 5.174
7.788, 5.187
7.793, 5.180
7.798, 5.188
7.803, 5.187
7.808, 5.191
7.813, 5.192
7.818, 5.195
7.823, 5.187
7.828, 5.185
7.833, 5.187
7.838, 5.187
7.843, 5.190
7.848, 5.177
7.853, 5.182
7.858, 5.180
7.863, 5.174
7.868, 5.174
7.873, 5.181
7.878, 5.201
7.883, 5.198
7.888, 5.194
7.893, 5.201
7.898, 5.188
7.903, 5.184
7.908, 5.183
7.913, 5.176
7.918, 5.175
7.923, 5.178
7.928, 5.177
7.933, 5.177
7.938, 5.170
7.943, 5.184
7.948, 5.203
7.953, 5.210
7.958, 5.203
7.963, 5.214
7.968, 5.203
7.973, 5.205
7.978, 5.177
7.983, 5.177
7.988, 5.175
7.993, 5.162
7.998, 5.176
8.003, 5.166
8.008, 5.172
8.013, 5.183
8.018, 5.182
8.023, 5.167
8.028, 5.190
8.033, 5.199
8.038, 5.212
8.043, 5.220
8.048, 5.212
8.053, 5.203
8.058, 5.197
8.063, 5.198
8.068, 5.174
8.073, 5.174
8.078, 5.165
8.083, 5.166
8.088, 5.162
8.093, 5.158
8.098, 5.187
8.103, 5.186
8.108, 5.206
8.113, 5.201
8.118, 5.211
8.123, 5.200
8.128, 5.208
8.133, 5.209
8.138, 5.201
8.143, 5.191
8.148, 5.188
8.153, 5.191
8.158, 5.185
8.163, 5.188
8.168, 5.195
8.173, 5.199
8.178, 5.185
8.183, 5.180
8.188, 5.178
8.193, 5.168
8.198, 5.163
8.203, 5.192
8.208, 5.185
8.213, 5.198
8.218, 5.190
8.223, 5.190
8.228, 5.201
8.233, 5.201
8.238, 5.189
8.243, 5.190
8.248, 5.191
8.253, 5.174
8.258, 5.181
8.263, 5.173
8.268, 5.168
8.273, 5.175
8.278, 5.171
8.283, 5.173
8.288, 5.196
8.293, 5.202
8.298, 5.219
8.303, 5.220
8.308, 5.203
8.313, 5.187
8.318, 5.187
8.323, 5.185
8.328, 5.181
8.333, 5.187
8.338, 5.201
8.343, 5.192
8.348, 5.201
8.353, 5.204
8.358, 5.187
8.363, 5.193
8.368, 5.191
8.373, 5.203
8.378, 5.190
8.383, 5.181
8.388, 5.168
8.393, 5.180
8.398, 5.172
8.403, 5.167
8.408, 5.159
8.413, 5.169
8.418, 5.169
8.423, 5.191
8.428, 5.198
8.433, 5.203
8.438, 5.200
8.443, 5.198
8.448, 5.197
8.453, 5.194
8.458, 5.183
8.463, 5.183
8.468, 5.175
8.473, 5.176
8.478, 5.167
8.483, 5.170
8.488, 5.167
8.493, 5.177
8.498, 5.183
8.503, 5.194
8.508, 5.196
8.513, 5.184
8.518, 5.211
8.523, 5.210
8.528, 5.202
8.533, 5.193
8.538, 5.208
8.543, 5.191
8.548, 5.187
8.553, 5.173
8.558, 5.186
8.563, 5.162
8.568, 5.166
8.573, 5.168
8.578, 5.177
8.583, 5.177
8.588, 5.175
8.593, 5.179
8.598, 5.183
8.603, 5.187
8.608, 5.190
8.613, 5.175
8.618, 5.178
8.623, 5.186
8.628, 5.189
8.633, 5.181
8.638, 5.175
8.643, 5.172
8.648, 5.173
8.653, 5.173
8.658, 5.180
8.663, 5.183
8.668, 5.192
8.673, 5.203
8.678, 5.201
8.683, 5.193
8.688, 5.190
8.693, 5.187
8.698, 5.188
8.703, 5.196
8.708, 5.195
8.713, 5.194
8.718, 5.192
8.723, 5.196
8.728, 5.199
8.733, 5.195
8.738, 5.181
8.743, 5.183
8.748, 5.178
8.753, 5.181
8.758, 5.183
8.763, 5.176
8.768, 5.176
8.773, 5.178
8.778, 5.197
8.783, 5.209
8.788, 5.203
8.793, 5.205
8.798, 5.197
8.803, 5.187
8.808, 5.185
8.813, 5.182
8.818, 5.192
8.823, 5.181
8.828, 5.176
8.833, 5.197
8.838, 5.180
8.843, 5.188
8.848, 5.173
8.853, 5.175
8.858, 5.178
8.863, 5.193
8.868, 5.194
8.873, 5.179
8.878, 5.189
8.883, 5.194
8.888, 5.174
8.893, 5.186
8.898, 5.179
8.903, 5.181
8.908, 5.186
8.913, 5.190
8.918, 5.180
8.923, 5.186
8.928, 5.191
8.933, 5.187
8.938, 5.190
8.943, 5.188
8.948, 5.179
8.953, 5.176
8.958, 5.173
8.963, 5.168
8.968, 5.164
8.973, 5.169
8.978, 5.178
8.983, 5.188
8.988, 5.190
8.993, 5.173
8.998, 5.192
9.003, 5.202
9.008, 5.202
9.013, 5.207
9.018, 5.208
9.023, 5.208
9.028, 5.185
9.033, 5.193
9.038, 5.187
9.043, 5.185
9.048, 5.171
9.053, 5.158
9.058, 5.165
9.063, 5.150
9.068, 5.164
9.073, 5.174
9.078, 5.182
9.083, 5.182
9.088, 5.189
9.093, 5.204
9.098, 5.193
9.103, 5.180
9.108, 5.190
9.113, 5.173
9.118, 5.193
9.123, 5.202
9.128, 5.183
9.133, 5.187
9.138, 5.185
9.143, 5.186
9.148, 5.173
9.153, 5.211
9.158, 5.202
9.163, 5.188
9.168, 5.169
9.173, 5.166
9.178, 5.170
9.183, 5.176
9.188, 5.171
9.193, 5.172
9.198, 5.183
9.203, 5.177
9.208, 5.183
9.213, 5.188
9.218, 5.176
9.223, 5.184
9.228, 5.185
9.233, 5.180
9.238, 5.189
9.243, 5.190
9.248, 5.186
9.253, 5.189
9.258, 5.185
9.263, 5.192
9.268, 5.198
9.273, 5.200
9.278, 5.206
9.283, 5.194
9.288, 5.191
9.293, 5.184
9.298, 5.191
9.303, 5.179
9.308, 5.163
9.313, 5.165
9.318, 5.174
9.323, 5.189
9.328, 5.183
9.333, 5.193
9.338, 5.187
9.343, 5.186
9.348, 5.181
9.353, 5.188
9.358, 5.203
9.363, 5.198
9.368, 5.201
9.373, 5.191
9.378, 5.188
9.383, 5.183
9.388, 5.179
9.393, 5.177
9.398, 5.179
9.403, 5.191
9.408, 5.190
9.413, 5.190
9.418, 5.197
9.423, 5.192
9.428, 5.204
9.433, 5.192
9.438, 5.179
9.443, 5.189
9.448, 5.190
9.453, 5.189
9.458, 5.178
9.463, 5.174
9.468, 5.174
9.473, 5.174
9.478, 5.175
9.483, 5.196
9.488, 5.208
9.493, 5.205
9.498, 5.197
9.503, 5.200
9.508, 5.187
9.513, 5.201
9.518, 5.200
9.523, 5.191
9.528, 5.179
9.533, 5.185
9.538, 5.178
9.543, 5.177
9.548, 5.172
9.553, 5.179
9.558, 5.190
9.563, 5.190
9.568, 5.197
9.573, 5.183
9.578, 5.184
9.583, 5.190
9.588, 5.187
9.593, 5.199
9.598, 5.206
9.603, 5.195
9.608, 5.196
9.613, 5.183
9.618, 5.174
9.623, 5.193
9.628, 5.190
9.633, 5.178
9.638, 5.182
9.643, 5.179
9.648, 5.182
9.653, 5.185
9.658, 5.176
9.663, 5.188
9.668, 5.192
9.673, 5.191
9.678, 5.202
9.683, 5.188
9.688, 5.198
9.693, 5.184
9.698, 5.184
9.703, 5.185
9.708, 5.186
9.713, 5.174
9.718, 5.174
9.723, 5.181
9.728, 5.177
9.733, 5.187
9.738, 5.182
9.743, 5.200
9.748, 5.195
9.753, 5.190
9.758, 5.196
9.763, 5.197
9.768, 5.189
9.773, 5.187
9.778, 5.184
9.783, 5.168
9.788, 5.155
9.793, 5.168
9.798, 5.171
9.803, 5.180
9.808, 5.179
9.813, 5.167
9.818, 5.176
9.823, 5.179
9.828, 5.177
9.833, 5.179
9.838, 5.205
9.843, 5.196
9.848, 5.186
9.853, 5.188
9.858, 5.186
9.863, 5.172
9.868, 5.174
9.873, 5.180
9.878, 5.180
9.883, 5.184
9.888, 5.183
9.893, 5.194
9.898, 5.190
9.903, 5.194
9.908, 5.191
9.913, 5.188
9.918, 5.189
9.923, 5.186
9.928, 5.164
9.933, 5.180
9.938, 5.177
9.943, 5.174
9.948, 5.188
9.953, 5.184
9.958, 5.170
9.963, 5.176
9.968, 5.178
9.973, 5.183
9.978, 5.187
9.983, 5.199
9.988, 5.207
9.993, 5.200
9.998, 5.184
10.003, 5.185
10.008, 5.193
10.013, 5.179
10.018, 5.187
10.023, 5.172
10.028, 5.169
10.033, 5.162
10.038, 5.171
10.043, 5.176
10.048, 5.175
10.053, 5.180
10.058, 5.189
10.063, 5.188
10.068, 5.191
10.073, 5.182
10.078, 5.183
10.083, 5.185
10.088, 5.184
10.093, 5.188
10.098, 5.199
10.103, 5.191
10.108, 5.189
10.113, 5.179
10.118, 5.181
10.123, 5.179
10.128, 5.192
10.133, 5.188
10.138, 5.178
10.143, 5.177
10.148, 5.195
10.153, 5.185
10.158, 5.170
10.163, 5.176
10.168, 5.178
10.173, 5.194
10.178, 5.181
10.183, 5.184
10.188, 5.188
10.193, 5.187
10.198, 5.184
10.203, 5.186
10.208, 5.201
10.213, 5.201
10.218, 5.187
10.223, 5.180
10.228, 5.187
10.233, 5.187
10.238, 5.202
10.243, 5.194
10.248, 5.171
10.253, 5.185
10.258, 5.177
10.263, 5.175
10.268, 5.186
10.273, 5.182
10.278, 5.192
10.283, 5.189
10.288, 5.188
10.293, 5.184
10.298, 5.182
10.303, 5.183
10.308, 5.174
10.313, 5.173
10.318, 5.177
10.323, 5.175
10.328, 5.186
10.333, 5.174
10.338, 5.180
10.343, 5.189
10.348, 5.186
10.353, 5.190
10.358, 5.197
10.363, 5.190
10.368, 5.173
10.373, 5.185
10.378, 5.183
10.383, 5.198
10.388, 5.192
10.393, 5.202
10.398, 5.190
10.403, 5.177
10.408, 5.169
10.413, 5.163
10.418, 5.183
10.423, 5.179
10.428, 5.186
10.433, 5.183
10.438, 5.183
10.443, 5.191
10.448, 5.190
10.453, 5.185
10.458, 5.192
10.463, 5.200
10.468, 5.197
10.473, 5.185
10.478, 5.174
10.483, 5.176
10.488, 5.165
10.493, 5.166
10.498, 5.164
10.503, 5.170
10.508, 5.173
10.513, 5.179
10.518, 5.177
10.523, 5.187
10.528, 5.181
10.533, 5.183
10.538, 5.179
10.543, 5.187
10.548, 5.201
10.553, 5.189
10.558, 5.187
10.563, 5.178
10.568, 5.170
10.573, 5.166
10.578, 5.174
10.583, 5.189
10.588, 5.199
10.593, 5.181
10.598, 5.178
10.603, 5.170
10.608, 5.181
10.613, 5.171
10.618, 5.169
10.623, 5.161
10.628, 5.162
10.633, 5.184
10.638, 5.173
10.643, 5.178
10.648, 5.175
10.653, 5.186
10.658, 5.185
10.663, 5.179
10.668, 5.175
10.673, 5.173
10.678, 5.156
10.683, 5.169
10.688, 5.162
10.693, 5.177
10.698, 5.173
10.703, 5.183
10.708, 5.177
10.713, 5.189
10.718, 5.191
10.723, 5.183
10.728, 5.166
10.733, 5.160
10.738, 5.176
10.743, 5.163
10.748, 5.162
10.753, 5.165
10.758, 5.162
10.763, 5.156
10.768, 5.163
10.773, 5.163
10.778, 5.179
10.783, 5.180
10.788, 5.180
10.793, 5.198
10.798, 5.194
10.803, 5.198
10.808, 5.180
10.813, 5.187
10.818, 5.167
10.823, 5.169
10.828, 5.186
10.833, 5.173
10.838, 5.171
10.843, 5.177
10.848, 5.180
10.853, 5.177
10.858, 5.183
10.863, 5.176
10.868, 5.182
10.873, 5.169
10.878, 5.173
10.883, 5.153
10.888, 5.156
10.893, 5.173
10.898, 5.173
10.903, 5.162
10.908, 5.174
10.913, 5.170
10.918, 5.166
10.923, 5.190
10.928, 5.186
10.933, 5.192
10.938, 5.186
10.943, 5.198
10.948, 5.185
10.953, 5.183
10.958, 5.175
10.963, 5.176
10.968, 5.173
10.973, 5.170
10.978, 5.183
10.983, 5.188
10.988, 5.197
10.993, 5.169
10.998, 5.186
11.003, 5.180
11.008, 5.185
11.013, 5.178
11.018, 5.180
11.023, 5.181
11.028, 5.195
11.033, 5.194
11.038, 5.187
11.043, 5.176
11.048, 5.188
11.053, 5.183
11.058, 5.184
11.063, 5.168
11.068, 5.173
11.073, 5.170
11.078, 5.170
11.083, 5.174
11.088, 5.186
11.093, 5.179
11.098, 5.174
11.103, 5.168
11.108, 5.166
11.113, 5.186
11.118, 5.198
11.123, 5.191
11.128, 5.181
11.133, 5.188
11.138, 5.178
11.143, 5.178
11.148, 5.178
11.153, 5.177
11.158, 5.175
11.163, 5.171
11.168, 5.180
11.173, 5.203
11.178, 5.191
11.183, 5.185
11.188, 5.173
11.193, 5.183
11.198, 5.173
11.203, 5.190
11.208, 5.180
11.213, 5.201
11.218, 5.198
11.223, 5.180
11.228, 5.178
11.233, 5.165
11.238, 5.168
11.243, 5.168
11.248, 5.167
11.253, 5.172
11.258, 5.170
11.263, 5.185
11.268, 5.195
11.273, 5.201
11.278, 5.188
11.283, 5.194
11.288, 5.190
11.293, 5.177
11.298, 5.169
11.303, 5.167
11.308, 5.151
11.313, 5.158
11.318, 5.159
11.323, 5.173
11.328, 5.181
11.333, 5.188
11.338, 5.183
11.343, 5.182
11.348, 5.198
11.353, 5.207
11.358, 5.200
11.363, 5.197
11.368, 5.182
11.373, 5.185
11.378, 5.174
11.383, 5.177
11.388, 5.176
11.393, 5.175
11.398, 5.169
11.403, 5.166
11.408, 5.189
11.413, 5.189
11.418, 5.187
11.423, 5.192
11.428, 5.197
11.433, 5.187
11.438, 5.172
11.443, 5.192
11.448, 5.182
11.453, 5.196
11.458, 5.178
11.463, 5.164
11.468, 5.166
11.473, 5.161
11.478, 5.151
11.483, 5.171
11.488, 5.171
11.493, 5.180
11.498, 5.167
11.503, 5.171
11.508, 5.172
11.513, 5.173
11.518, 5.184
11.523, 5.181
11.528, 5.187
11.533, 5.197
11.538, 5.191
11.543, 5.187
11.548, 5.178
11.553, 5.167
11.558, 5.182
11.563, 5.171
11.568, 5.172
11.573, 5.167
11.578, 5.176
11.583, 5.176
11.588, 5.182
11.593, 5.180
11.598, 5.182
11.603, 5.194
11.608, 5.182
11.613, 5.176
11.618, 5.175
11.623, 5.176
11.628, 5.175
11.633, 5.187
11.638, 5.170
11.643, 5.173
11.648, 5.175
11.653, 5.178
11.658, 5.161
11.663, 5.173
11.668, 5.168
11.673, 5.179
11.678, 5.182
11.683, 5.198
11.688, 5.197
11.693, 5.205
11.698, 5.191
11.703, 5.181
11.708, 5.186
11.713, 5.176
11.718, 5.161
11.723, 5.166
11.728, 5.163
11.733, 5.176
11.738, 5.162
11.743, 5.164
11.748, 5.169
11.753, 5.174
11.758, 5.174
11.763, 5.184
11.768, 5.190
11.773, 5.198
11.778, 5.180
11.783, 5.179
11.788, 5.176
11.793, 5.174
11.798, 5.160
11.803, 5.155
11.808, 5.170
11.813, 5.178
11.818, 5.178
11.823, 5.173
11.828, 5.181
11.833, 5.180
11.838, 5.195
11.843, 5.190
11.848, 5.191
11.853, 5.191
11.858, 5.178
11.863, 5.179
11.868, 5.164
11.873, 5.158
11.878, 5.155
11.883, 5.171
11.888, 5.168
11.893, 5.172
11.898, 5.192
11.903, 5.187
11.908, 5.191
11.913, 5.177
11.918, 5.178
11.923, 5.184
11.928, 5.194
11.933, 5.172
11.938, 5.168
11.943, 5.173
11.948, 5.165
11.953, 5.155
11.958, 5.157
11.963, 5.144
11.968, 5.159
11.973, 5.163
11.978, 5.158
11.983, 5.169
11.988, 5.176
11.993, 5.191
11.998, 5.187
12.003, 5.188
12.008, 5.186
12.013, 5.185
12.018, 5.182
12.023, 5.178
12.028, 5.167
12.033, 5.172
12.038, 5.158
12.043, 5.177
12.048, 5.167
12.053, 5.163
12.058, 5.178
12.063, 5.188
12.068, 5.172
12.073, 5.161
12.078, 5.162
12.083, 5.173
12.088, 5.175
12.093, 5.188
12.098, 5.195
12.103, 5.186
12.108, 5.185
12.113, 5.170
12.118, 5.173
12.123, 5.178
12.128, 5.172
12.133, 5.161
12.138, 5.174
12.143, 5.172
12.148, 5.168
12.153, 5.173
12.158, 5.172
12.163, 5.172
12.168, 5.181
12.173, 5.180
12.178, 5.191
12.183, 5.202
12.188, 5.204
12.193, 5.190
12.198, 5.177
12.203, 5.184
12.208, 5.183
12.213, 5.188
12.218, 5.176
12.223, 5.180
12.228, 5.191
12.233, 5.194
12.238, 5.208
12.243, 5.198
12.248, 5.187
12.253, 5.186
12.258, 5.195
12.263, 5.186
12.268, 5.173
12.273, 5.176
12.278, 5.180
12.283, 5.172
12.288, 5.162
12.293, 5.185
12.298, 5.184
12.303, 5.194
12.308, 5.199
12.313, 5.205
12.318, 5.195
12.323, 5.208
12.328, 5.215
12.333, 5.203
12.338, 5.194
12.343, 5.193
12.348, 5.197
12.353, 5.176
12.358, 5.182
12.363, 5.179
12.368, 5.182
12.373, 5.181
12.378, 5.187
12.383, 5.173
12.388, 5.190
12.393, 5.191
12.398, 5.189
12.403, 5.196
12.408, 5.191
12.413, 5.173
12.418, 5.181
12.423, 5.185
12.428, 5.189
12.433, 5.177
12.438, 5.172
12.443, 5.155
12.448, 5.148
12.453, 5.155
12.458, 5.166
12.463, 5.171
12.468, 5.165
12.473, 5.188
12.478, 5.191
12.483, 5.188
12.488, 5.195
12.493, 5.195
12.498, 5.189
12.503, 5.201
12.508, 5.201
12.513, 5.193
12.518, 5.189
12.523, 5.188
12.528, 5.167
12.533, 5.167
12.538, 5.163
12.543, 5.177
12.548, 5.184
12.553, 5.171
12.558, 5.178
12.563, 5.186
12.568, 5.188
12.573, 5.184
12.578, 5.183
12.583, 5.201
12.588, 5.188
12.593, 5.189
12.598, 5.174
12.603, 5.181
12.608, 5.197
12.613, 5.182
12.618, 5.186
12.623, 5.189
12.628, 5.190
12.633, 5.188
12.638, 5.185
12.643, 5.192
12.648, 5.207
12.653, 5.198
12.658, 5.189
12.663, 5.186
12.668, 5.196
12.673, 5.185
12.678, 5.188
12.683, 5.170
12.688, 5.166
12.693, 5.169
12.698, 5.168
12.703, 5.162
12.708, 5.166
12.713, 5.163
12.718, 5.168
12.723, 5.171
12.728, 5.180
12.733, 5.189
12.738, 5.183
12.743, 5.193
12.748, 5.187
12.753, 5.181
12.758, 5.177
12.763, 5.166
12.768, 5.159
12.773, 5.162
12.778, 5.164
12.783, 5.170
12.788, 5.177
12.793, 5.177
12.798, 5.181
12.803, 5.191
12.808, 5.199
12.813, 5.195
12.818, 5.178
12.823, 5.171
12.828, 5.165
12.833, 5.151
12.838, 5.145
12.843, 5.166
12.848, 5.169
12.853, 5.177
12.858, 5.179
12.863, 5.176
12.868, 5.178
12.873, 5.165
12.878, 5.172
12.883, 5.163
12.888, 5.175
12.893, 5.189
12.898, 5.176
12.903, 5.181
12.908, 5.173
12.913, 5.155
12.918, 5.146
12.923, 5.168
12.928, 5.171
12.933, 5.165
12.938, 5.166
12.943, 5.179
12.948, 5.170
12.953, 5.186
12.958, 5.198
12.963, 5.203
12.968, 5.193
12.973, 5.206
12.978, 5.185
12.983, 5.179
12.988, 5.180
12.993, 5.170
12.998, 5.169
13.003, 5.172
13.008, 5.171
13.013, 5.166
13.018, 5.160
13.023, 5.164
13.028, 5.175
13.033, 5.162
13.038, 5.159
13.043, 5.180
13.048, 5.181
13.053, 5.174
13.058, 5.195
13.063, 5.204
13.068, 5.189
13.073, 5.184
13.078, 5.179
13.083, 5.174
13.088, 5.169
13.093, 5.175
13.098, 5.171
13.103, 5.181
13.108, 5.172
13.113, 5.175
13.118, 5.170
13.123, 5.173
13.128, 5.171
13.133, 5.180
13.138, 5.171
13.143, 5.177
13.148, 5.178
13.153, 5.170
13.158, 5.162
13.163, 5.169
13.168, 5.176
13.173, 5.178
13.178, 5.182
13.183, 5.197
13.188, 5.181
13.193, 5.170
13.198, 5.167
13.203, 5.167
13.208, 5.177
13.213, 5.172
13.218, 5.166
13.223, 5.174
13.228, 5.179
13.233, 5.183
13.238, 5.180
13.243, 5.180
13.248, 5.175
13.253, 5.171
13.258, 5.158
13.263, 5.156
13.268, 5.145
13.273, 5.161
13.278, 5.168
13.283, 5.162
13.288, 5.175
13.293, 5.177
13.298, 5.196
13.303, 5.186
13.308, 5.179
13.313, 5.173
13.318, 5.168
13.323, 5.179
13.328, 5.173
13.333, 5.168
13.338, 5.189
13.343, 5.176
13.348, 5.177
13.353, 5.178
13.358, 5.185
13.363, 5.176
13.368, 5.174
13.373, 5.167
13.378, 5.173
13.383, 5.173
13.388, 5.179
13.393, 5.169
13.398, 5.179
13.403, 5.169
13.408, 5.159
13.413, 5.154
13.418, 5.163
13.423, 5.180
13.428, 5.177
13.433, 5.173
13.438, 5.183
13.443, 5.185
13.448, 5.183
13.453, 5.199
13.458, 5.180
13.463, 5.176
13.468, 5.166
13.473, 5.171
13.478, 5.162
13.483, 5.170
13.488, 5.164
13.493, 5.158
13.498, 5.160
13.503, 5.164
13.508, 5.179
13.513, 5.171
13.518, 5.182
13.523, 5.174
13.528, 5.158
13.533, 5.169
13.538, 5.177
13.543, 5.174
13.548, 5.174
13.553, 5.176
13.558, 5.179
13.563, 5.174
13.568, 5.167
13.573, 5.159
13.578, 5.163
13.583, 5.158
13.588, 5.151
13.593, 5.159
13.598, 5.161
13.603, 5.180
13.608, 5.183
13.613, 5.182
13.618, 5.183
13.623, 5.172
13.628, 5.180
13.633, 5.167
13.638, 5.178
13.643, 5.158
13.648, 5.175
13.653, 5.183
13.658, 5.179
13.663, 5.178
13.668, 5.181
13.673, 5.179
13.678, 5.177
13.683, 5.175
13.688, 5.173
13.693, 5.176
13.698, 5.173
13.703, 5.174
13.708, 5.156
13.713, 5.179
13.718, 5.184
13.723, 5.182
13.728, 5.195
13.733, 5.167
13.738, 5.170
13.743, 5.171
13.748, 5.178
13.753, 5.184
13.758, 5.188
13.763, 5.172
13.768, 5.174
13.773, 5.163
13.778, 5.165
13.783, 5.158
13.788, 5.176
13.793, 5.173
13.798, 5.183
13.803, 5.184
13.808, 5.174
13.813, 5.168
13.818, 5.174
13.823, 5.169
13.828, 5.173
13.833, 5.171
13.838, 5.164
13.843, 5.167
13.848, 5.170
13.853, 5.166
13.858, 5.178
13.863, 5.185
13.868, 5.190
13.873, 5.174
13.878, 5.181
13.883, 5.167
13.888, 5.151
13.893, 5.152
13.898, 5.154
13.903, 5.158
13.908, 5.161
13.913, 5.173
13.918, 5.170
13.923, 5.175
13.928, 5.177
13.933, 5.179
13.938, 5.175
13.943, 5.169
13.948, 5.178
13.953, 5.187
13.958, 5.180
13.963, 5.173
13.968, 5.164
13.973, 5.156
13.978, 5.160
13.983, 5.164
13.988, 5.167
13.993, 5.165
13.998, 5.156
14.003, 5.159
14.008, 5.167
14.013, 5.168
14.018, 5.174
14.023, 5.181
14.028, 5.173
14.033, 5.170
14.038, 5.179
14.043, 5.164
14.048, 5.164
14.053, 5.156
14.058, 5.161
14.063, 5.161
14.068, 5.152
14.073, 5.153
14.078, 5.163
14.083, 5.173
14.088, 5.170
14.093, 5.182
14.098, 5.178
14.103, 5.177
14.108, 5.180
14.113, 5.182
14.118, 5.157
14.123, 5.158
14.128, 5.166
14.133, 5.162
14.138, 5.166
14.143, 5.180
14.148, 5.176
14.153, 5.175
14.158, 5.170
14.163, 5.173
14.168, 5.175
14.173, 5.188
14.178, 5.186
14.183, 5.178
14.188, 5.174
14.193, 5.171
14.198, 5.159
14.203, 5.166
14.208, 5.159
14.213, 5.156
14.218, 5.155
14.223, 5.157
14.228, 5.157
14.233, 5.159
14.238, 5.163
14.243, 5.165
14.248, 5.172
14.253, 5.173
14.258, 5.185
14.263, 5.172
14.268, 5.176
14.273, 5.165
14.278, 5.169
14.283, 5.171
14.288, 5.175
14.293, 5.175
14.298, 5.164
14.303, 5.177
14.308, 5.175
14.313, 5.171
14.318, 5.179
14.323, 5.185
14.328, 5.184
14.333, 5.187
14.338, 5.183
14.343, 5.168
14.348, 5.168
14.353, 5.163
14.358, 5.163
14.363, 5.147
14.368, 5.149
14.373, 5.153
14.378, 5.157
14.383, 5.160
14.388, 5.160
14.393, 5.159
14.398, 5.169
14.403, 5.182
14.408, 5.185
14.413, 5.183
14.418, 5.179
14.423, 5.194
14.428, 5.207
14.433, 5.189
14.438, 5.172
14.443, 5.173
14.448, 5.174
14.453, 5.169
14.458, 5.161
14.463, 5.166
14.468, 5.163
14.473, 5.166
14.478, 5.161
14.483, 5.169
14.488, 5.171
14.493, 5.167
14.498, 5.175
14.503, 5.180
14.508, 5.176
14.513, 5.181
14.518, 5.183
14.523, 5.184
14.528, 5.182
14.533, 5.165
14.538, 5.166
14.543, 5.173
14.548, 5.172
14.553, 5.170
14.558, 5.160
14.563, 5.170
14.568, 5.178
14.573, 5.188
14.578, 5.195
14.583, 5.193
14.588, 5.181
14.593, 5.184
14.598, 5.176
14.603, 5.170
14.608, 5.173
14.613, 5.182
14.618, 5.177
14.623, 5.182
14.628, 5.177
14.633, 5.167
14.638, 5.164
14.643, 5.174
14.648, 5.190
14.653, 5.183
14.658, 5.204
14.663, 5.209
14.668, 5.185
14.673, 5.174
14.678, 5.154
14.683, 5.167
14.688, 5.169
14.693, 5.179
14.698, 5.166
14.703, 5.166
14.708, 5.180
14.713, 5.180
14.718, 5.179
14.723, 5.184
14.728, 5.186
14.733, 5.178
14.738, 5.177
14.743, 5.173
14.748, 5.172
14.753, 5.167
14.758, 5.168
14.763, 5.182
14.768, 5.163
14.773, 5.180
14.778, 5.177
14.783, 5.191
14.788, 5.200
14.793, 5.184
14.798, 5.183
14.803, 5.179
14.808, 5.185
14.813, 5.172
14.818, 5.174
14.823, 5.185
14.828, 5.193
14.833, 5.188
14.838, 5.188
14.843, 5.181
14.848, 5.175
14.853, 5.173
14.858, 5.174
14.863, 5.179
14.868, 5.168
14.873, 5.168
14.878, 5.172
14.883, 5.170
14.888, 5.181
14.893, 5.193
14.898, 5.186
14.903, 5.183
14.908, 5.200
14.913, 5.183
14.918, 5.190
14.923, 5.185
14.928, 5.184
14.933, 5.176
14.938, 5.182
14.943, 5.188
14.948, 5.174
14.953, 5.175
14.958, 5.169
14.963, 5.167
14.968, 5.172
14.973, 5.176
14.978, 5.179
14.983, 5.187
14.988, 5.176
14.993, 5.172
14.998, 5.180
15.003, 5.184
15.008, 5.184
15.013, 5.188
15.018, 5.194
15.023, 5.175
15.028, 5.176
15.033, 5.177
15.038, 5.173
15.043, 5.162
15.048, 5.168
15.053, 5.174
15.058, 5.173
15.063, 5.180
15.068, 5.175
15.073, 5.166
15.078, 5.175
15.083, 5.187
15.088, 5.176
15.093, 5.180
15.098, 5.163
15.103, 5.168
15.108, 5.172
15.113, 5.155
15.118, 5.170
15.123, 5.179
15.128, 5.191
15.133, 5.208
15.138, 5.202
15.143, 5.184
15.148, 5.190
15.153, 5.179
15.158, 5.172
15.163, 5.174
15.168, 5.184
15.173, 5.172
15.178, 5.170
15.183, 5.168
15.188, 5.161
15.193, 5.155
15.198, 5.171
15.203, 5.174
15.208, 5.178
15.213, 5.175
15.218, 5.185
15.223, 5.168
15.228, 5.168
15.233, 5.155
15.238, 5.172
15.243, 5.186
15.248, 5.180
15.253, 5.178
15.258, 5.184
15.263, 5.183
15.268, 5.174
15.273, 5.175
15.278, 5.179
15.283, 5.163
15.288, 5.156
15.293, 5.176
15.298, 5.165
15.303, 5.180
15.308, 5.190
15.313, 5.179
15.318, 5.169
15.323, 5.170
15.328, 5.160
15.333, 5.169
15.338, 5.162
15.343, 5.163
15.348, 5.158
15.353, 5.161
15.358, 5.167
15.363, 5.175
15.368, 5.177
15.373, 5.173
15.378, 5.173
15.383, 5.169
15.388, 5.184
15.393, 5.177
15.398, 5.178
15.403, 5.162
15.408, 5.167
15.413, 5.179
15.418, 5.183
15.423, 5.198
15.428, 5.190
15.433, 5.179
15.438, 5.169
15.443, 5.174
15.448, 5.171
15.453, 5.171
15.458, 5.165
15.463, 5.177
15.468, 5.196
15.473, 5.185
15.478, 5.173
15.483, 5.187
15.488, 5.168
15.493, 5.174
15.498, 5.176
15.503, 5.182
15.508, 5.171
15.513, 5.164
15.518, 5.160
15.523, 5.154
15.528, 5.157
15.533, 5.172
15.538, 5.167
15.543, 5.166
15.548, 5.190
15.553, 5.173
15.558, 5.174
15.563, 5.172
15.568, 5.176
15.573, 5.180
15.578, 5.157
15.583, 5.163
15.588, 5.174
15.593, 5.165
15.598, 5.170
15.603, 5.179
15.608, 5.182
15.613, 5.196
15.618, 5.187
15.623, 5.201
15.628, 5.185
15.633, 5.186
15.638, 5.181
15.643, 5.176
15.648, 5.176
15.653, 5.175
15.658, 5.171
15.663, 5.171
15.668, 5.170
15.673, 5.165
15.678, 5.168
15.683, 5.186
15.688, 5.181
15.693, 5.179
15.698, 5.181
15.703, 5.179
15.708, 5.164
15.713, 5.166
15.718, 5.164
15.723, 5.173
15.728, 5.168
15.733, 5.187
15.738, 5.179
15.743, 5.161
15.748, 5.161
15.753, 5.171
15.758, 5.184
15.763, 5.188
15.768, 5.184
15.773, 5.177
15.778, 5.181
15.783, 5.185
15.788, 5.163
15.793, 5.181
15.798, 5.173
15.803, 5.165
15.808, 5.165
15.813, 5.167
15.818, 5.169
15.823, 5.153
15.828, 5.159
15.833, 5.170
15.838, 5.167
15.843, 5.155
15.848, 5.165
15.853, 5.161
15.858, 5.170
15.863, 5.180
15.868, 5.177
15.873, 5.186
15.878, 5.187
15.883, 5.184
15.888, 5.165
15.893, 5.175
15.898, 5.167
15.903, 5.161
15.908, 5.168
15.913, 5.182
15.918, 5.167
15.923, 5.159
15.928, 5.152
15.933, 5.156
15.938, 5.169
15.943, 5.188
15.948, 5.188
15.953, 5.189
15.958, 5.179
15.963, 5.181
15.968, 5.179
15.973, 5.181
15.978, 5.176
15.983, 5.169
15.988, 5.165
15.993, 5.169
15.998, 5.179
16.003, 5.167
16.008, 5.165
16.013, 5.169
16.018, 5.167
16.023, 5.171
16.028, 5.161
16.033, 5.155
16.038, 5.149
16.043, 5.154
16.048, 5.165
16.053, 5.172
16.058, 5.167
16.063, 5.167
16.068, 5.166
16.073, 5.172
16.078, 5.173
16.083, 5.182
16.088, 5.177
16.093, 5.189
16.098, 5.182
16.103, 5.179
16.108, 5.182
16.113, 5.182
16.118, 5.183
16.123, 5.176
16.128, 5.174
16.133, 5.178
16.138, 5.168
16.143, 5.158
16.148, 5.155
16.153, 5.155
16.158, 5.169
16.163, 5.183
16.168, 5.181
16.173, 5.174
16.178, 5.176
16.183, 5.179
16.188, 5.169
16.193, 5.169
16.198, 5.168
16.203, 5.184
16.208, 5.180
16.213, 5.184
16.218, 5.175
16.223, 5.182
16.228, 5.183
16.233, 5.191
16.238, 5.180
16.243, 5.179
16.248, 5.171
16.253, 5.162
16.258, 5.161
16.263, 5.168
16.268, 5.184
16.273, 5.174
16.278, 5.173
16.283, 5.176
16.288, 5.175
16.293, 5.160
16.298, 5.153
16.303, 5.174
16.308, 5.179
16.313, 5.170
16.318, 5.163
16.323, 5.177
16.328, 5.164
16.333, 5.169
16.338, 5.178
16.343, 5.183
16.348, 5.180
16.353, 5.185
16.358, 5.167
16.363, 5.175
16.368, 5.170
16.373, 5.184
16.378, 5.174
16.383, 5.187
16.388, 5.174
16.393, 5.176
16.398, 5.161
16.403, 5.156
16.408, 5.154
16.413, 5.148
16.418, 5.160
16.423, 5.172
16.428, 5.177
16.433, 5.168
16.438, 5.166
16.443, 5.166
16.448, 5.167
16.453, 5.169
16.458, 5.163
16.463, 5.182
16.468, 5.176
16.473, 5.161
16.478, 5.167
16.483, 5.155
16.488, 5.122
16.493, 5.113
16.498, 5.130
16.503, 5.138
16.508, 5.147
16.513, 5.158
16.518, 5.158
16.523, 5.152
16.528, 5.150
16.533, 5.149
16.538, 5.145
16.543, 5.140
16.548, 5.134
16.553, 5.135
16.558, 5.140
16.563, 5.143
16.568, 5.132
16.573, 5.131
16.578, 5.129
16.583, 5.138
16.588, 5.137
16.593, 5.134
16.598, 5.132
16.603, 5.146
16.608, 5.149
16.613, 5.134
16.618, 5.133
16.623, 5.126
16.628, 5.128
16.633, 5.134
16.638, 5.139
16.643, 5.128
16.648, 5.148
16.653, 5.146
16.658, 5.148
16.663, 5.145
16.668, 5.141
16.673, 5.151
16.678, 5.163
16.683, 5.148
16.688, 5.130
16.693, 5.124
16.698, 5.111
16.703, 5.119
16.708, 5.133
16.713, 5.120
16.718, 5.128
16.723, 5.128
16.728, 5.142
16.733, 5.130
16.738, 5.135
16.743, 5.143
16.748, 5.135
16.753, 5.138
16.758, 5.146
16.763, 5.131
16.768, 5.140
16.773, 5.139
16.778, 5.142
16.783, 5.152
16.788, 5.136
16.793, 5.149
16.798, 5.131
16.803, 5.129
16.808, 5.131
16.813, 5.131
16.818, 5.123
16.823, 5.125
16.828, 5.123
16.833, 5.142
16.838, 5.143
16.843, 5.149
16.848, 5.138
16.853, 5.152
16.858, 5.152
16.863, 5.150
16.868, 5.148
16.873, 5.144
16.878, 5.143
16.883, 5.132
16.888, 5.137
16.893, 5.129
16.898, 5.127
16.903, 5.138
16.908, 5.138
16.913, 5.134
16.918, 5.147
16.923, 5.152
16.928, 5.148
16.933, 5.158
16.938, 5.145
16.943, 5.153
16.948, 5.167
16.953, 5.170
16.958, 5.153
16.963, 5.131
16.968, 5.112
16.973, 5.121
16.978, 5.128
16.983, 5.131
16.988, 5.143
16.993, 5.139
16.998, 5.145
17.003, 5.148
17.008, 5.154
17.013, 5.159
17.018, 5.150
17.023, 5.150
17.028, 5.143
17.033, 5.144
17.038, 5.142
17.043, 5.141
17.048, 5.138
17.053, 5.129
17.058, 5.148
17.063, 5.138
17.068, 5.133
17.073, 5.133
17.078, 5.128
17.083, 5.140
17.088, 5.139
17.093, 5.146
17.098, 5.127
17.103, 5.125
17.108, 5.127
17.113, 5.142
17.118, 5.136
17.123, 5.132
17.128, 5.133
17.133, 5.142
17.138, 5.126
17.143, 5.146
17.148, 5.139
17.153, 5.127
17.158, 5.145
17.163, 5.138
17.168, 5.133
17.173, 5.133
17.178, 5.144
17.183, 5.141
17.188, 5.141
17.193, 5.151
17.198, 5.143
17.203, 5.146
17.208, 5.138
17.213, 5.135
17.218, 5.127
17.223, 5.111
17.228, 5.124
17.233, 5.120
17.238, 5.125
17.243, 5.121
17.248, 5.131
17.253, 5.128
17.258, 5.129
17.263, 5.152
17.268, 5.136
17.273, 5.128
17.278, 5.133
17.283, 5.134
17.288, 5.131
17.293, 5.133
17.298, 5.130
17.303, 5.126
17.308, 5.128
17.313, 5.134
17.318, 5.129
17.323, 5.146
17.328, 5.141
17.333, 5.134
17.338, 5.127
17.343, 5.131
17.348, 5.128
17.353, 5.131
17.358, 5.134
17.363, 5.132
17.368, 5.137
17.373, 5.134
17.378, 5.147
17.383, 5.136
17.388, 5.135
17.393, 5.142
17.398, 5.142
17.403, 5.137
17.408, 5.142
17.413, 5.144
17.418, 5.141
17.423, 5.148
17.428, 5.135
17.433, 5.135
17.438, 5.120
17.443, 5.111
17.448, 5.130
17.453, 5.131
17.458, 5.148
17.463, 5.147
17.468, 5.142
17.473, 5.140
17.478, 5.143
17.483, 5.137
17.488, 5.138
17.493, 5.137
17.498, 5.125
17.503, 5.130
17.508, 5.132
17.513, 5.116
17.518, 5.137
17.523, 5.132
17.528, 5.130
17.533, 5.141
17.538, 5.149
17.543, 5.146
17.548, 5.146
17.553, 5.158
17.558, 5.151
17.563, 5.143
17.568, 5.126
17.573, 5.126
17.578, 5.128
17.583, 5.116
17.588, 5.130
17.593, 5.137
17.598, 5.142
17.603, 5.145
17.608, 5.145
17.613, 5.143
17.618, 5.154
17.623, 5.137
17.628, 5.144
17.633, 5.143
17.638, 5.138
17.643, 5.141
17.648, 5.140
17.653, 5.143
17.658, 5.139
17.663, 5.136
17.668, 5.124
17.673, 5.140
17.678, 5.131
17.683, 5.127
17.688, 5.127
17.693, 5.136
17.698, 5.126
17.703, 5.134
17.708, 5.134
17.713, 5.137
17.718, 5.147
17.723, 5.140
17.728, 5.148
17.733, 5.129
17.738, 5.123
17.743, 5.135
17.748, 5.127
17.753, 5.127
17.758, 5.142
17.763, 5.142
17.768, 5.138
17.773, 5.126
17.778, 5.115
17.783, 5.129
17.788, 5.133
17.793, 5.149
17.798, 5.140
17.803, 5.137
17.808, 5.144
17.813, 5.148
17.818, 5.146
17.823, 5.150
17.828, 5.135
17.833, 5.131
17.838, 5.131
17.843, 5.131
17.848, 5.136
17.853, 5.138
17.858, 5.138
17.863, 5.136
17.868, 5.132
17.873, 5.131
17.878, 5.135
17.883, 5.133
17.888, 5.132
17.893, 5.130
17.898, 5.140
17.903, 5.127
17.908, 5.144
17.913, 5.147
17.918, 5.138
17.923, 5.140
17.928, 5.133
17.933, 5.130
17.938, 5.129
17.943, 5.142
17.948, 5.134
17.953, 5.142
17.958, 5.134
17.963, 5.138
17.968, 5.141
17.973, 5.128
17.978, 5.136
17.983, 5.127
17.988, 5.115
17.993, 5.128
17.998, 5.132
18.003, 5.125
18.008, 5.123
18.013, 5.108
18.018, 5.115
18.023, 5.120
18.028, 5.129
18.033, 5.128
18.038, 5.150
18.043, 5.149
18.048, 5.142
18.053, 5.129
18.058, 5.130
18.063, 5.124
18.068, 5.123
18.073, 5.128
18.078, 5.126
18.083, 5.115
18.088, 5.114
18.093, 5.101
18.098, 5.104
18.103, 5.106
18.108, 5.122
18.113, 5.113
18.118, 5.119
18.123, 5.146
18.128, 5.142
18.133, 5.136
18.138, 5.146
18.143, 5.147
18.148, 5.143
18.153, 5.138
18.158, 5.128
18.163, 5.145
18.168, 5.138
18.173, 5.133
18.178, 5.132
18.183, 5.132
18.188, 5.143
18.193, 5.132
18.198, 5.117
18.203, 5.116
18.208, 5.125
18.213, 5.115
18.218, 5.131
18.223, 5.135
18.228, 5.133
18.233, 5.122
18.238, 5.120
18.243, 5.116
18.248, 5.112
18.253, 5.122
18.258, 5.102
18.263, 5.104
18.268, 5.117
18.273, 5.128
18.278, 5.129
18.283, 5.137
18.288, 5.145
18.293, 5.147
18.298, 5.138
18.303, 5.142
18.308, 5.154
18.313, 5.136
18.318, 5.132
18.323, 5.129
18.328, 5.139
18.333, 5.132
18.338, 5.135
18.343, 5.145
18.348, 5.124
18.353, 5.124
18.358, 5.138
18.363, 5.138
18.368, 5.134
18.373, 5.134
18.378, 5.137
18.383, 5.134
18.388, 5.135
18.393, 5.124
18.398, 5.105
18.403, 5.110
18.408, 5.097
18.413, 5.097
18.418, 5.110
18.423, 5.107
18.428, 5.115
18.433, 5.122
18.438, 5.133
18.443, 5.129
18.448, 5.138
18.453, 5.149
18.458, 5.154
18.463, 5.142
18.468, 5.130
18.473, 5.120
18.478, 5.128
18.483, 5.127
18.488, 5.127
18.493, 5.129
18.498, 5.126
18.503, 5.132
18.508, 5.142
18.513, 5.142
18.518, 5.129
18.523, 5.135
18.528, 5.138
18.533, 5.140
18.538, 5.136
18.543, 5.147
18.548, 5.136
18.553, 5.132
18.558, 5.131
18.563, 5.134
18.568, 5.124
18.573, 5.117
18.578, 5.117
18.583, 5.111
18.588, 5.123
18.593, 5.117
18.598, 5.111
18.603, 5.128
18.608, 5.123
18.613, 5.124
18.618, 5.135
18.623, 5.142
18.628, 5.144
18.633, 5.150
18.638, 5.117
18.643, 5.126
18.648, 5.129
18.653, 5.133
18.658, 5.133
18.663, 5.137
18.668, 5.133
18.673, 5.121
18.678, 5.116
18.683, 5.128
18.688, 5.127
18.693, 5.125
18.698, 5.145
18.703, 5.143
18.708, 5.142
18.713, 5.139
18.718, 5.129
18.723, 5.127
18.728, 5.123
18.733, 5.126
18.738, 5.118
18.743, 5.121
18.748, 5.117
18.753, 5.111
18.758, 5.133
18.763, 5.130
18.768, 5.133
18.773, 5.135
18.778, 5.130
18.783, 5.142
18.788, 5.131
18.793, 5.137
18.798, 5.127
18.803, 5.142
18.808, 5.148
18.813, 5.143
18.818, 5.126
18.823, 5.123
18.828, 5.130
18.833, 5.119
18.838, 5.117
18.843, 5.125
18.848, 5.131
18.853, 5.128
18.858, 5.144
18.863, 5.138
18.868, 5.136
18.873, 5.132
18.878, 5.127
18.883, 5.123
18.888, 5.120
18.893, 5.120
18.898, 5.126
18.903, 5.127
18.908, 5.109
18.913, 5.123
18.918, 5.122
18.923, 5.121
18.928, 5.130
18.933, 5.118
18.938, 5.111
18.943, 5.117
18.948, 5.123
18.953, 5.137
18.958, 5.129
18.963, 5.123
18.968, 5.122
18.973, 5.128
18.978, 5.127
18.983, 5.119
18.988, 5.122
18.993, 5.127
18.998, 5.126
19.003, 5.132
19.008, 5.135
19.013, 5.135
19.018, 5.126
19.023, 5.130
19.028, 5.127
19.033, 5.122
19.038, 5.109
19.043, 5.120
19.048, 5.125
19.053, 5.114
19.058, 5.116
19.063, 5.121
19.068, 5.118
19.073, 5.129
19.078, 5.143
19.083, 5.123
19.088, 5.130
19.093, 5.133
19.098, 5.131
19.103, 5.145
19.108, 5.134
19.113, 5.125
19.118, 5.121
19.123, 5.126
19.128, 5.122
19.133, 5.134
19.138, 5.120
19.143, 5.122
19.148, 5.117
19.153, 5.117
19.158, 5.123
19.163, 5.115
19.168, 5.107
19.173, 5.121
19.178, 5.122
19.183, 5.116
19.188, 5.117
19.193, 5.136
19.198, 5.120
19.203, 5.128
19.208, 5.131
19.213, 5.123
19.218, 5.125
19.223, 5.125
19.228, 5.122
19.233, 5.126
19.238, 5.140
19.243, 5.133
19.248, 5.127
19.253, 5.125
19.258, 5.114
19.263, 5.120
19.268, 5.123
19.273, 5.133
19.278, 5.137
19.283, 5.131
19.288, 5.121
19.293, 5.115
19.298, 5.114
19.303, 5.112
19.308, 5.109
19.313, 5.113
19.318, 5.104
19.323, 5.136
19.328, 5.129
19.333, 5.131
19.338, 5.142
19.343, 5.148
19.348, 5.130
19.353, 5.143
19.358, 5.134
19.363, 5.127
19.368, 5.123
19.373, 5.112
19.378, 5.130
19.383, 5.122
19.388, 5.115
19.393, 5.105
19.398, 5.125
19.403, 5.131
19.408, 5.138
19.413, 5.150
19.418, 5.149
19.423, 5.157
19.428, 5.145
19.433, 5.145
19.438, 5.123
19.443, 5.109
19.448, 5.105
19.453, 5.116
19.458, 5.108
19.463, 5.109
19.468, 5.119
19.473, 5.110
19.478, 5.115
19.483, 5.111
19.488, 5.098
19.493, 5.104
19.498, 5.122
19.503, 5.138
19.508, 5.126
19.513, 5.126
19.518, 5.137
19.523, 5.133
19.528, 5.117
19.533, 5.125
19.538, 5.123
19.543, 5.120
19.548, 5.101
19.553, 5.112
19.558, 5.109
19.563, 5.112
19.568, 5.114
19.573, 5.113
19.578, 5.120
19.583, 5.112
19.588, 5.121
19.593, 5.123
19.598, 5.123
19.603, 5.127
19.608, 5.117
19.613, 5.122
19.618, 5.132
19.623, 5.131
19.628, 5.124
19.633, 5.122
19.638, 5.109
19.643, 5.109
19.648, 5.113
19.653, 5.114
19.658, 5.120
19.663, 5.114
19.668, 5.114
19.673, 5.100
19.678, 5.100
19.683, 5.100
19.688, 5.107
19.693, 5.118
19.698, 5.118
19.703, 5.117
19.708, 5.124
19.713, 5.120
19.718, 5.115
19.723, 5.119
19.728, 5.129
19.733, 5.129
19.738, 5.125
19.743, 5.141
19.748, 5.131
19.753, 5.117
19.758, 5.115
19.763, 5.119
19.768, 5.126
19.773, 5.137
19.778, 5.125
19.783, 5.109
19.788, 5.103
19.793, 5.106
19.798, 5.107
19.803, 5.115
19.808, 5.107
19.813, 5.120
19.818, 5.127
19.823, 5.123
19.828, 5.122
19.833, 5.114
19.838, 5.106
19.843, 5.127
19.848, 5.131
19.853, 5.112
19.858, 5.093
19.863, 5.099
19.868, 5.105
19.873, 5.115
19.878, 5.108
19.883, 5.121
19.888, 5.129
19.893, 5.133
19.898, 5.143
19.903, 5.133
19.908, 5.130
19.913, 5.127
19.918, 5.118
19.923, 5.101
19.928, 5.086
19.933, 5.113
19.938, 5.119
19.943, 5.113
19.948, 5.115
19.953, 5.125
19.958, 5.116
19.963, 5.119
19.968, 5.131
19.973, 5.135
19.978, 5.126
19.983, 5.128
19.988, 5.128
19.993, 5.125
19.998, 5.124
20.003, 5.111
20.008, 5.106
20.013, 5.118
20.018, 5.117
20.023, 5.115
20.028, 5.120
20.033, 5.115
20.038, 5.123
20.043, 5.137
20.048, 5.127
20.053, 5.121
20.058, 5.119
20.063, 5.120
20.068, 5.133
20.073, 5.117
20.078, 5.120
20.083, 5.122
20.088, 5.121
20.093, 5.125
20.098, 5.122
20.103, 5.116
20.108, 5.120
20.113, 5.118
20.118, 5.119
20.123, 5.125
20.128, 5.128
20.133, 5.125
20.138, 5.118
20.143, 5.115
20.148, 5.119
20.153, 5.128
20.158, 5.134
20.163, 5.114
20.168, 5.105
20.173, 5.120
20.178, 5.121
20.183, 5.119
20.188, 5.108
20.193, 5.099
20.198, 5.113
20.203, 5.130
20.208, 5.135
20.213, 5.138
20.218, 5.132
20.223, 5.138
20.228, 5.136
20.233, 5.135
20.238, 5.118
20.243, 5.121
20.248, 5.130
20.253, 5.128
20.258, 5.133
20.263, 5.116
20.268, 5.113
20.273, 5.115
20.278, 5.103
20.283, 5.111
20.288, 5.111
20.293, 5.107
20.298, 5.127
20.303, 5.141
20.308, 5.134
20.313, 5.128
20.318, 5.129
20.323, 5.123
20.328, 5.114
20.333, 5.120
20.338, 5.115
20.343, 5.126
20.348, 5.129
20.353, 5.124
20.358, 5.117
20.363, 5.121
20.368, 5.117
20.373, 5.120
20.378, 5.123
20.383, 5.121
20.388, 5.123
20.393, 5.117
20.398, 5.119
20.403, 5.127
20.408, 5.135
20.413, 5.129
20.418, 5.131
20.423, 5.119
20.428, 5.121
20.433, 5.117
20.438, 5.104
20.443, 5.107
20.448, 5.129
20.453, 5.130
20.458, 5.130
20.463, 5.119
20.468, 5.117
20.473, 5.118

