#HIMS 5, Width 16 pulse, 293
t(ms), signal(%full range)
3247.014, 5.410
1082.338, 4.672
649.403, 4.338
463.859, 4.271
360.779, 4.369
295.183, 4.521
249.770, 4.690
216.468, 4.843
191.001, 4.950
170.895, 5.023
154.620, 5.068
141.175, 5.090
129.881, 5.106
120.260, 5.108
111.966, 5.105
104.742, 5.089
98.394, 5.335
92.772, 6.015
87.757, 6.324
83.257, 6.395
79.195, 6.328
75.512, 6.179
72.156, 6.020
69.085, 5.861
66.266, 5.732
63.667, 5.639
61.264, 5.581
59.037, 5.533
56.965, 5.510
55.034, 5.510
53.230, 5.527
51.540, 5.520
49.954, 5.539
48.463, 5.548
47.058, 5.566
45.733, 5.579
44.480, 5.573
43.294, 5.572
42.169, 5.580
41.101, 5.576
40.087, 5.582
39.121, 5.583
38.200, 5.577
37.322, 5.583
36.483, 5.587
35.681, 5.584
34.914, 5.590
34.179, 5.592
33.474, 5.595
32.798, 5.603
32.149, 5.602
31.524, 5.600
30.924, 5.608
30.346, 5.611
29.789, 5.607
29.252, 5.603
28.735, 5.607
28.235, 5.606
27.752, 5.611
27.286, 5.610
26.835, 5.607
26.398, 5.613
25.976, 5.624
25.567, 5.629
25.171, 5.637
24.786, 5.632
24.414, 5.634
24.052, 5.640
23.701, 5.642
23.360, 5.639
23.028, 5.647
22.706, 5.631
22.393, 5.635
22.089, 5.634
21.792, 5.628
21.503, 5.631
21.222, 5.630
20.948, 5.633
20.682, 5.650
20.421, 5.657
20.168, 5.656
19.920, 5.659
19.679, 5.665
19.443, 5.665
19.213, 5.666
18.988, 5.658
18.769, 5.660
18.554, 5.657
18.345, 5.662
18.140, 5.660
17.939, 5.664
17.743, 5.659
17.551, 5.661
17.364, 5.660
17.180, 5.679
17.000, 5.669
16.824, 5.670
16.651, 5.663
16.482, 5.670
16.317, 5.661
16.154, 5.671
15.995, 5.668
15.839, 5.664
15.686, 5.665
15.536, 5.680
15.389, 5.680
15.244, 5.683
15.102, 5.682
14.963, 5.681
14.827, 5.677
14.692, 5.672
14.561, 5.672
14.431, 5.680
14.304, 5.681
14.179, 5.674
14.056, 5.677
13.936, 5.682
13.817, 5.670
13.700, 5.682
13.586, 5.677
13.473, 5.663
13.362, 5.669
13.253, 5.669
13.146, 5.669
13.040, 5.671
12.936, 5.668
12.834, 5.672
12.733, 5.678
12.634, 5.689
12.537, 5.687
12.441, 5.690
12.346, 5.685
12.253, 5.693
12.161, 5.679
12.071, 5.683
11.982, 5.678
11.894, 5.679
11.807, 5.672
11.722, 5.682
11.638, 5.673
11.555, 5.682
11.474, 5.679
11.393, 5.678
11.314, 5.677
11.235, 5.685
11.158, 5.688
11.082, 5.692
11.007, 5.678
10.933, 5.687
10.860, 5.678
10.787, 5.683
10.716, 5.676
10.646, 5.670
10.577, 5.669
10.508, 5.672
10.441, 5.663
10.374, 5.669
10.308, 5.677
10.243, 5.675
10.179, 5.677
10.115, 5.690
10.053, 5.689
9.991, 5.690
9.930, 5.692
9.869, 5.708
9.810, 5.699
9.751, 5.690
9.693, 5.690
9.635, 5.685
9.578, 5.679
9.522, 5.674
9.467, 5.676
9.412, 5.685
9.357, 5.678
9.304, 5.679
9.251, 5.678
9.198, 5.680
9.147, 5.686
9.095, 5.682
9.045, 5.674
8.994, 5.680
8.945, 5.684
8.896, 5.678
8.847, 5.675
8.799, 5.676
8.752, 5.673
8.705, 5.668
8.659, 5.668
8.613, 5.676
8.567, 5.672
8.522, 5.674
8.478, 5.666
8.434, 5.672
8.390, 5.675
8.347, 5.665
8.304, 5.672
8.262, 5.676
8.220, 5.673
8.179, 5.680
8.138, 5.683
8.097, 5.673
8.057, 5.678
8.017, 5.682
7.978, 5.672
7.939, 5.681
7.900, 5.668
7.862, 5.668
7.824, 5.657
7.787, 5.655
7.749, 5.651
7.713, 5.652
7.676, 5.658
7.640, 5.656
7.604, 5.653
7.569, 5.667
7.534, 5.680
7.499, 5.672
7.464, 5.665
7.430, 5.665
7.396, 5.654
7.363, 5.659
7.330, 5.673
7.297, 5.668
7.264, 5.668
7.232, 5.672
7.200, 5.672
7.168, 5.672
7.136, 5.672
7.105, 5.667
7.074, 5.678
7.043, 5.682
7.013, 5.681
6.983, 5.677
6.953, 5.674
6.923, 5.669
6.894, 5.682
6.865, 5.683
6.836, 5.682
6.807, 5.669
6.779, 5.674
6.751, 5.673
6.723, 5.671
6.695, 5.669
6.667, 5.665
6.640, 5.666
6.613, 5.671
6.586, 5.662
6.560, 5.655
6.533, 5.666
6.507, 5.662
6.481, 5.660
6.455, 5.666
6.430, 5.678
6.404, 5.657
6.379, 5.659
6.354, 5.658
6.329, 5.666
6.305, 5.667
6.280, 5.677
6.256, 5.670
6.232, 5.672
6.208, 5.668
6.185, 5.664
6.161, 5.668
6.138, 5.670
6.115, 5.665
6.092, 5.661
6.069, 5.661
6.047, 5.649
6.024, 5.646
6.002, 5.647
5.980, 5.650
5.958, 5.660
5.936, 5.658
5.914, 5.661
5.893, 5.652
5.872, 5.662
5.850, 5.656
5.829, 5.665
5.809, 5.665
5.788, 5.670
5.767, 5.669
5.747, 5.664
5.727, 5.665
5.707, 5.662
5.687, 5.657
5.667, 5.659
5.647, 5.654
5.627, 5.652
5.608, 5.653
5.589, 5.658
5.569, 5.656
5.550, 5.661
5.532, 5.654
5.513, 5.655
5.494, 5.663
5.476, 5.662
5.457, 5.655
5.439, 5.664
5.421, 5.654
5.403, 5.648
5.385, 5.652
5.367, 5.644
5.349, 5.642
5.332, 5.646
5.314, 5.640
5.297, 5.649
5.280, 5.648
5.263, 5.653
5.246, 5.663
5.229, 5.656
5.212, 5.661
5.195, 5.666
5.179, 5.656
5.162, 5.637
5.146, 5.642
5.130, 5.637
5.113, 5.638
5.097, 5.637
5.081, 5.639
5.066, 5.649
5.050, 5.659
5.034, 5.656
5.019, 5.654
5.003, 5.659
4.988, 5.661
4.972, 5.655
4.957, 5.647
4.942, 5.650
4.927, 5.658
4.912, 5.651
4.897, 5.651
4.883, 5.640
4.868, 5.640
4.854, 5.645
4.839, 5.635
4.825, 5.643
4.810, 5.647
4.796, 5.655
4.782, 5.657
4.768, 5.654
4.754, 5.653
4.740, 5.650
4.726, 5.649
4.713, 5.648
4.699, 5.652
4.685, 5.639
4.672, 5.631
4.659, 5.633
4.645, 5.639
4.632, 5.630
4.619, 5.627
4.606, 5.627
4.593, 5.641
4.580, 5.652
4.567, 5.644
4.554, 5.661
4.541, 5.657
4.529, 5.660
4.516, 5.653
4.503, 5.655
4.491, 5.658
4.479, 5.647
4.466, 5.643
4.454, 5.646
4.442, 5.647
4.430, 5.644
4.418, 5.646
4.406, 5.644
4.394, 5.645
4.382, 5.640
4.370, 5.648
4.358, 5.641
4.347, 5.642
4.335, 5.649
4.324, 5.647
4.312, 5.639
4.301, 5.645
4.289, 5.643
4.278, 5.643
4.267, 5.644
4.256, 5.641
4.244, 5.654
4.233, 5.646
4.222, 5.650
4.211, 5.655
4.201, 5.653
4.190, 5.648
4.179, 5.652
4.168, 5.652
4.158, 5.653
4.147, 5.650
4.136, 5.644
4.126, 5.630
4.115, 5.635
4.105, 5.645
4.095, 5.641
4.084, 5.644
4.074, 5.640
4.064, 5.638
4.054, 5.642
4.044, 5.633
4.034, 5.637
4.024, 5.635
4.014, 5.636
4.004, 5.645
3.994, 5.651
3.984, 5.652
3.974, 5.653
3.965, 5.654
3.955, 5.648
3.945, 5.642
3.936, 5.639
3.926, 5.635
3.917, 5.635
3.907, 5.639
3.898, 5.633
3.889, 5.637
3.879, 5.640
3.870, 5.652
3.861, 5.651
3.852, 5.662
3.843, 5.654
3.834, 5.651
3.825, 5.642
3.816, 5.643
3.807, 5.645
3.798, 5.637
3.789, 5.640
3.780, 5.639
3.771, 5.649
3.762, 5.643
3.754, 5.641
3.745, 5.641
3.736, 5.636
3.728, 5.628
3.719, 5.638
3.711, 5.628
3.702, 5.638
3.694, 5.633
3.686, 5.644
3.677, 5.640
3.669, 5.632
3.661, 5.642
3.652, 5.650
3.644, 5.645
3.636, 5.636
3.628, 5.636
3.620, 5.638
3.612, 5.642
3.604, 5.636
3.596, 5.643
3.588, 5.640
3.580, 5.653
3.572, 5.643
3.564, 5.646
3.556, 5.649
3.549, 5.644
3.541, 5.635
3.533, 5.638
3.526, 5.648
3.518, 5.647
3.510, 5.644
3.503, 5.640
3.495, 5.635
3.488, 5.639
3.480, 5.631
3.473, 5.637
3.465, 5.642
3.458, 5.639
3.451, 5.634
3.443, 5.640
3.436, 5.640
3.429, 5.640
3.422, 5.652
3.414, 5.656
3.407, 5.649
3.400, 5.657
3.393, 5.655
3.386, 5.648
3.379, 5.645
3.372, 5.645
3.365, 5.646
3.358, 5.646
3.351, 5.645
3.344, 5.637
3.337, 5.647
3.330, 5.649
3.323, 5.652
3.317, 5.651
3.310, 5.650
3.303, 5.660
3.296, 5.658
3.290, 5.659
3.283, 5.645
3.277, 5.641
3.270, 5.633
3.263, 5.637
3.257, 5.637
3.250, 5.645
3.244, 5.651
3.237, 5.647
3.231, 5.651
3.224, 5.649
3.218, 5.647
3.212, 5.653
3.205, 5.643
3.199, 5.647
3.193, 5.647
3.186, 5.644
3.180, 5.648
3.174, 5.641
3.168, 5.643
3.162, 5.648
3.156, 5.649
3.149, 5.655
3.143, 5.658
3.137, 5.669
3.131, 5.670
3.125, 5.662
3.119, 5.666
3.113, 5.660
3.107, 5.650
3.101, 5.665
3.095, 5.661
3.089, 5.671
3.084, 5.668
3.078, 5.661
3.072, 5.654
3.066, 5.649
3.060, 5.654
3.055, 5.662
3.049, 5.655
3.043, 5.664
3.037, 5.660
3.032, 5.666
3.026, 5.663
3.020, 5.663
3.015, 5.664
3.009, 5.664
3.004, 5.661
2.998, 5.669
2.993, 5.675
2.987, 5.677
2.982, 5.679
2.976, 5.680
2.971, 5.683
2.965, 5.682
2.960, 5.674
2.955, 5.674
2.949, 5.677
2.944, 5.691
2.938, 5.684
2.933, 5.688
2.928, 5.689
2.923, 5.688
2.917, 5.690
2.912, 5.691
2.907, 5.669
2.902, 5.679
2.897, 5.682
2.891, 5.680
2.886, 5.682
2.881, 5.687
2.876, 5.695
2.871, 5.699
2.866, 5.700
2.861, 5.713
2.856, 5.707
2.851, 5.715
2.846, 5.707
2.841, 5.713
2.836, 5.719
2.831, 5.721
2.826, 5.728
2.821, 5.732
2.816, 5.745
2.811, 5.760
2.806, 5.768
2.802, 5.784
2.797, 5.802
2.792, 5.830
2.787, 5.847
2.782, 5.877
2.778, 5.912
2.773, 5.940
2.768, 5.973
2.763, 6.008
2.759, 6.027
2.754, 6.060
2.749, 6.081
2.745, 6.100
2.740, 6.102
2.735, 6.106
2.731, 6.117
2.726, 6.113
2.722, 6.120
2.717, 6.118
2.713, 6.108
2.708, 6.105
2.704, 6.092
2.699, 6.080
2.695, 6.058
2.690, 6.042
2.686, 5.999
2.681, 5.987
2.677, 5.978
2.672, 5.966
2.668, 5.962
2.664, 5.961
2.659, 5.957
2.655, 5.957
2.651, 5.962
2.646, 5.962
2.642, 5.963
2.638, 5.962
2.633, 5.963
2.629, 5.977
2.625, 5.949
2.621, 5.971
2.616, 5.980
2.612, 5.989
2.608, 6.011
2.604, 6.048
2.600, 6.085
2.596, 6.160
2.591, 6.243
2.587, 6.367
2.583, 6.523
2.579, 6.724
2.575, 6.957
2.571, 7.236
2.567, 7.534
2.563, 7.872
2.559, 8.214
2.555, 8.581
2.551, 8.925
2.547, 9.258
2.543, 9.547
2.539, 9.813
2.535, 9.994
2.531, 10.141
2.527, 10.208
2.523, 10.222
2.519, 10.164
2.515, 10.044
2.511, 9.857
2.507, 9.634
2.503, 9.370
2.500, 9.084
2.496, 8.786
2.492, 8.472
2.488, 8.174
2.484, 7.889
2.481, 7.639
2.477, 7.407
2.473, 7.214
2.469, 7.059
2.465, 6.923
2.462, 6.833
2.458, 6.742
2.454, 6.683
2.451, 6.636
2.447, 6.608
2.443, 6.586
2.440, 6.571
2.436, 6.560
2.432, 6.563
2.429, 6.549
2.425, 6.556
2.421, 6.573
2.418, 6.598
2.414, 6.650
2.411, 6.767
2.407, 6.930
2.403, 7.177
2.400, 7.540
2.396, 8.052
2.393, 8.749
2.389, 9.668
2.386, 10.805
2.382, 12.208
2.379, 13.834
2.375, 15.712
2.372, 17.808
2.368, 20.067
2.365, 22.400
2.361, 24.746
2.358, 27.036
2.355, 29.171
2.351, 31.087
2.348, 32.700
2.344, 33.941
2.341, 34.780
2.338, 35.191
2.334, 35.175
2.331, 34.735
2.328, 33.914
2.324, 32.717
2.321, 31.239
2.318, 29.511
2.314, 27.620
2.311, 25.626
2.308, 23.604
2.304, 21.602
2.301, 19.670
2.298, 17.886
2.295, 16.274
2.291, 14.851
2.288, 13.610
2.285, 12.575
2.282, 11.753
2.279, 11.101
2.275, 10.592
2.272, 10.228
2.269, 9.958
2.266, 9.761
2.263, 9.628
2.260, 9.527
2.256, 9.436
2.253, 9.360
2.250, 9.297
2.247, 9.214
2.244, 9.125
2.241, 9.020
2.238, 8.916
2.235, 8.784
2.232, 8.655
2.229, 8.512
2.226, 8.376
2.222, 8.230
2.219, 8.085
2.216, 7.941
2.213, 7.809
2.210, 7.686
2.207, 7.564
2.204, 7.450
2.201, 7.348
2.198, 7.245
2.195, 7.153
2.192, 7.075
2.189, 7.000
2.187, 6.929
2.184, 6.856
2.181, 6.784
2.178, 6.727
2.175, 6.659
2.172, 6.591
2.169, 6.533
2.166, 6.485
2.163, 6.440
2.160, 6.396
2.157, 6.344
2.155, 6.311
2.152, 6.269
2.149, 6.238
2.146, 6.217
2.143, 6.201
2.140, 6.166
2.138, 6.148
2.135, 6.129
2.132, 6.115
2.129, 6.092
2.126, 6.071
2.124, 6.058
2.121, 6.035
2.118, 6.012
2.115, 6.003
2.113, 5.999
2.110, 5.992
2.107, 5.989
2.104, 5.982
2.102, 5.973
2.099, 5.973
2.096, 5.959
2.093, 5.948
2.091, 5.940
2.088, 5.938
2.085, 5.920
2.083, 5.920
2.080, 5.917
2.077, 5.911
2.075, 5.900
2.072, 5.890
2.069, 5.889
2.067, 5.876
2.064, 5.875
2.062, 5.876
2.059, 5.878
2.056, 5.882
2.054, 5.878
2.051, 5.875
2.049, 5.868
2.046, 5.867
2.043, 5.857
2.041, 5.850
2.038, 5.853
2.036, 5.850
2.033, 5.841
2.031, 5.851
2.028, 5.845
2.026, 5.838
2.023, 5.835
2.021, 5.823
2.018, 5.839
2.016, 5.830
2.013, 5.834
2.011, 5.825
2.008, 5.838
2.006, 5.849
2.003, 5.843
2.001, 5.841
1.998, 5.838
1.996, 5.835
1.993, 5.836
1.991, 5.827
1.988, 5.828
1.986, 5.819
1.984, 5.820
1.981, 5.814
1.979, 5.809
1.976, 5.813
1.974, 5.817
1.971, 5.812
1.969, 5.816
1.967, 5.819
1.964, 5.815
1.962, 5.817
1.960, 5.810
1.957, 5.800
1.955, 5.803
1.953, 5.801
1.950, 5.794
1.948, 5.791
1.945, 5.794
1.943, 5.800
1.941, 5.801
1.939, 5.811
1.936, 5.823
1.934, 5.817
1.932, 5.812
1.929, 5.825
1.927, 5.811
1.925, 5.797
1.922, 5.812
1.920, 5.816
1.918, 5.822
1.916, 5.830
1.913, 5.827
1.911, 5.836
1.909, 5.850
1.907, 5.854
1.904, 5.874
1.902, 5.890
1.900, 5.904
1.898, 5.939
1.896, 5.953
1.893, 5.977
1.891, 6.009
1.889, 6.040
1.887, 6.062
1.885, 6.078
1.882, 6.105
1.880, 6.133
1.878, 6.155
1.876, 6.177
1.874, 6.182
1.871, 6.183
1.869, 6.188
1.867, 6.190
1.865, 6.174
1.863, 6.166
1.861, 6.149
1.859, 6.131
1.856, 6.105
1.854, 6.076
1.852, 6.043
1.850, 6.002
1.848, 5.976
1.846, 5.946
1.844, 5.934
1.842, 5.909
1.840, 5.890
1.838, 5.863
1.836, 5.830
1.833, 5.829
1.831, 5.815
1.829, 5.810
1.827, 5.808
1.825, 5.798
1.823, 5.803
1.821, 5.791
1.819, 5.784
1.817, 5.775
1.815, 5.769
1.813, 5.764
1.811, 5.742
1.809, 5.740
1.807, 5.741
1.805, 5.735
1.803, 5.736
1.801, 5.743
1.799, 5.743
1.797, 5.742
1.795, 5.747
1.793, 5.762
1.791, 5.764
1.789, 5.754
1.787, 5.759
1.785, 5.753
1.783, 5.754
1.781, 5.748
1.779, 5.743
1.777, 5.746
1.775, 5.737
1.773, 5.729
1.771, 5.726
1.769, 5.734
1.768, 5.721
1.766, 5.723
1.764, 5.716
1.762, 5.713
1.760, 5.711
1.758, 5.704
1.756, 5.706
1.754, 5.705
1.752, 5.693
1.750, 5.688
1.749, 5.689
1.747, 5.689
1.745, 5.682
1.743, 5.678
1.741, 5.672
1.739, 5.670
1.737, 5.676
1.735, 5.683
1.734, 5.685
1.732, 5.686
1.730, 5.684
1.728, 5.691
1.726, 5.690
1.724, 5.683
1.723, 5.683
1.721, 5.681
1.719, 5.670
1.717, 5.678
1.715, 5.674
1.713, 5.673
1.712, 5.673
1.710, 5.671
1.708, 5.670
1.706, 5.666
1.704, 5.659
1.703, 5.666
1.701, 5.665
1.699, 5.667
1.697, 5.664
1.696, 5.666
1.694, 5.674
1.692, 5.674
1.690, 5.677
1.689, 5.670
1.687, 5.675
1.685, 5.665
1.683, 5.666
1.682, 5.662
1.680, 5.661
1.678, 5.655
1.676, 5.643
1.675, 5.656
1.673, 5.658
1.671, 5.648
1.669, 5.653
1.668, 5.647
1.666, 5.648
1.664, 5.652
1.663, 5.655
1.661, 5.656
1.659, 5.653
1.657, 5.654
1.656, 5.657
1.654, 5.664
1.652, 5.667
1.651, 5.664
1.649, 5.655
1.647, 5.655
1.646, 5.654
1.644, 5.647
1.642, 5.642
1.641, 5.653
1.639, 5.645
1.637, 5.651
1.636, 5.648
1.634, 5.656
1.632, 5.652
1.631, 5.640
1.629, 5.651
1.628, 5.660
1.626, 5.657
1.624, 5.661
1.623, 5.665
1.621, 5.676
1.619, 5.658
1.618, 5.663
1.616, 5.657
1.615, 5.662
1.613, 5.663
1.611, 5.669
1.610, 5.662
1.608, 5.663
1.607, 5.662
1.605, 5.646
1.603, 5.645
1.602, 5.652
1.600, 5.664
1.599, 5.668
1.597, 5.656
1.596, 5.667
1.594, 5.658
1.592, 5.666
1.591, 5.654
1.589, 5.660
1.588, 5.658
1.586, 5.662
1.585, 5.648
1.583, 5.650
1.582, 5.654
1.580, 5.645
1.579, 5.646
1.577, 5.648
1.575, 5.646
1.574, 5.639
1.572, 5.637
1.571, 5.641
1.569, 5.646
1.568, 5.642
1.566, 5.636
1.565, 5.643
1.563, 5.646
1.562, 5.653
1.560, 5.653
1.559, 5.651
1.557, 5.639
1.556, 5.640
1.554, 5.637
1.553, 5.637
1.551, 5.631
1.550, 5.643
1.548, 5.632
1.547, 5.636
1.545, 5.643
1.544, 5.650
1.543, 5.644
1.541, 5.659
1.540, 5.651
1.538, 5.643
1.537, 5.634
1.535, 5.636
1.534, 5.639
1.532, 5.649
1.531, 5.645
1.529, 5.637
1.528, 5.639
1.527, 5.641
1.525, 5.637
1.524, 5.644
1.522, 5.649
1.521, 5.645
1.519, 5.643
1.518, 5.647
1.517, 5.648
1.515, 5.644
1.514, 5.625
1.512, 5.631
1.511, 5.641
1.510, 5.631
1.508, 5.635
1.507, 5.641
1.505, 5.632
1.504, 5.635
1.503, 5.637
1.501, 5.641
1.500, 5.638
1.498, 5.640
1.497, 5.642
1.496, 5.639
1.494, 5.639
1.493, 5.638
1.492, 5.633
1.490, 5.629
1.489, 5.625
1.487, 5.618
1.486, 5.620
1.485, 5.624
1.483, 5.618
1.482, 5.623
1.481, 5.631
1.479, 5.639
1.478, 5.629
1.477, 5.635
1.475, 5.638
1.474, 5.643
1.473, 5.644
1.471, 5.646
1.470, 5.630
1.469, 5.633
1.467, 5.642
1.466, 5.640
1.465, 5.626
1.463, 5.617
1.462, 5.617
1.461, 5.619
1.459, 5.628
1.458, 5.627
1.457, 5.622
1.455, 5.630
1.454, 5.628
1.453, 5.623
1.452, 5.629
1.450, 5.628
1.449, 5.631
1.448, 5.631
1.446, 5.626
1.445, 5.631
1.444, 5.627
1.442, 5.629
1.441, 5.640
1.440, 5.643
1.439, 5.627
1.437, 5.625
1.436, 5.643
1.435, 5.645
1.434, 5.646
1.432, 5.635
1.431, 5.634
1.430, 5.639
1.429, 5.630
1.427, 5.636
1.426, 5.639
1.425, 5.651
1.424, 5.634
1.422, 5.632
1.421, 5.626
1.420, 5.632
1.419, 5.629
1.417, 5.630
1.416, 5.637
1.415, 5.636
1.414, 5.630
1.412, 5.637
1.411, 5.645
1.410, 5.648
1.409, 5.642
1.407, 5.640
1.406, 5.637
1.405, 5.631
1.404, 5.636
1.403, 5.634
1.401, 5.643
1.400, 5.642
1.399, 5.650
1.398, 5.639
1.397, 5.636
1.395, 5.624
1.394, 5.622
1.393, 5.638
1.392, 5.633
1.391, 5.624
1.389, 5.627
1.388, 5.622
1.387, 5.627
1.386, 5.631
1.385, 5.636
1.383, 5.631
1.382, 5.638
1.381, 5.635
1.380, 5.637
1.379, 5.636
1.378, 5.634
1.376, 5.628
1.375, 5.630
1.374, 5.627
1.373, 5.624
1.372, 5.618
1.371, 5.621
1.369, 5.624
1.368, 5.620
1.367, 5.612
1.366, 5.610
1.365, 5.616
1.364, 5.616
1.363, 5.621
1.361, 5.623
1.360, 5.629
1.359, 5.635
1.358, 5.641
1.357, 5.645
1.356, 5.634
1.355, 5.629
1.353, 5.641
1.352, 5.636
1.351, 5.629
1.350, 5.627
1.349, 5.620
1.348, 5.620
1.347, 5.614
1.346, 5.619
1.345, 5.621
1.343, 5.618
1.342, 5.612
1.341, 5.617
1.340, 5.623
1.339, 5.626
1.338, 5.630
1.337, 5.629
1.336, 5.626
1.335, 5.631
1.333, 5.633
1.332, 5.629
1.331, 5.618
1.330, 5.625
1.329, 5.622
1.328, 5.627
1.327, 5.622
1.326, 5.633
1.325, 5.620
1.324, 5.628
1.323, 5.632
1.322, 5.627
1.320, 5.625
1.319, 5.631
1.318, 5.624
1.317, 5.634
1.316, 5.631
1.315, 5.636
1.314, 5.633
1.313, 5.623
1.312, 5.623
1.311, 5.624
1.310, 5.620
1.309, 5.627
1.308, 5.635
1.307, 5.635
1.306, 5.641
1.305, 5.639
1.303, 5.646
1.302, 5.635
1.301, 5.639
1.300, 5.631
1.299, 5.624
1.298, 5.620
1.297, 5.623
1.296, 5.629
1.295, 5.627
1.294, 5.630
1.293, 5.636
1.292, 5.621
1.291, 5.633
1.290, 5.629
1.289, 5.639
1.288, 5.641
1.287, 5.639
1.286, 5.646
1.285, 5.640
1.284, 5.640
1.283, 5.629
1.282, 5.637
1.281, 5.621
1.280, 5.618
1.279, 5.622
1.278, 5.621
1.277, 5.631
1.276, 5.631
1.275, 5.633
1.274, 5.637
1.273, 5.644
1.272, 5.657
1.271, 5.643
1.270, 5.644
1.269, 5.627
1.268, 5.618
1.267, 5.626
1.266, 5.623
1.265, 5.626
1.264, 5.615
1.263, 5.622
1.262, 5.626
1.261, 5.622
1.260, 5.626
1.259, 5.620
1.258, 5.632
1.257, 5.643
1.256, 5.647
1.255, 5.648
1.254, 5.642
1.253, 5.646
1.252, 5.642
1.251, 5.628
1.250, 5.624
1.249, 5.628
1.248, 5.627
1.247, 5.630
1.246, 5.630
1.245, 5.622
1.245, 5.617
1.244, 5.624
1.243, 5.619
1.242, 5.625
1.241, 5.628
1.240, 5.635
1.239, 5.641
1.238, 5.637
1.237, 5.640
1.236, 5.643
1.235, 5.630
1.234, 5.621
1.233, 5.615
1.232, 5.612
1.231, 5.604
1.230, 5.608
1.229, 5.625
1.229, 5.624
1.228, 5.632
1.227, 5.632
1.226, 5.632
1.225, 5.646
1.224, 5.650
1.223, 5.647
1.222, 5.642
1.221, 5.644
1.220, 5.632
1.219, 5.634
1.218, 5.629
1.217, 5.627
1.217, 5.631
1.216, 5.635
1.215, 5.636
1.214, 5.637
1.213, 5.641
1.212, 5.635
1.211, 5.631
1.210, 5.635
1.209, 5.630
1.208, 5.634
1.208, 5.629
1.207, 5.630
1.206, 5.630
1.205, 5.634
1.204, 5.629
1.203, 5.627
1.202, 5.637
1.201, 5.639
1.200, 5.635
1.199, 5.623
1.199, 5.625
1.198, 5.619
1.197, 5.621
1.196, 5.631
1.195, 5.625
1.194, 5.632
1.193, 5.629
1.192, 5.630
1.192, 5.624
1.191, 5.639
1.190, 5.634
1.189, 5.631
1.188, 5.639
1.187, 5.637
1.186, 5.633
1.185, 5.640
1.185, 5.639
1.184, 5.640
1.183, 5.639
1.182, 5.642
1.181, 5.636
1.180, 5.640
1.179, 5.637
1.179, 5.640
1.178, 5.648
1.177, 5.637
1.176, 5.631
1.175, 5.629
1.174, 5.623
1.173, 5.633
1.173, 5.627
1.172, 5.630
1.171, 5.640
1.170, 5.649
1.169, 5.639
1.168, 5.631
1.168, 5.632
1.167, 5.640
1.166, 5.636
1.165, 5.630
1.164, 5.635
1.163, 5.639
1.163, 5.635
1.162, 5.638
1.161, 5.626
1.160, 5.629
1.159, 5.628
1.158, 5.636
1.158, 5.635
1.157, 5.632
1.156, 5.628
1.155, 5.646
1.154, 5.638
1.153, 5.635
1.153, 5.637
1.152, 5.631
1.151, 5.633
1.150, 5.628
1.149, 5.626
1.149, 5.622
1.148, 5.629
1.147, 5.633
1.146, 5.630
1.145, 5.638
1.145, 5.642
1.144, 5.643
1.143, 5.630
1.142, 5.632
1.141, 5.642
1.141, 5.640
1.140, 5.634
1.139, 5.640
1.138, 5.645
1.137, 5.633
1.137, 5.626
1.136, 5.625
1.135, 5.624
1.134, 5.625
1.133, 5.620
1.133, 5.633
1.132, 5.634
1.131, 5.630
1.130, 5.624
1.129, 5.626
1.129, 5.626
1.128, 5.633
1.127, 5.627
1.126, 5.633
1.125, 5.634
1.125, 5.639
1.124, 5.633
1.123, 5.635
1.122, 5.623
1.122, 5.641
1.121, 5.625
1.120, 5.634
1.119, 5.637
1.119, 5.625
1.118, 5.621
1.117, 5.623
1.116, 5.630
1.115, 5.633
1.115, 5.638
1.114, 5.633
1.113, 5.631
1.112, 5.626
1.112, 5.622
1.111, 5.632
1.110, 5.626
1.109, 5.633
1.109, 5.636
1.108, 5.640
1.107, 5.639
1.106, 5.634
1.106, 5.640
1.105, 5.643
1.104, 5.648
1.103, 5.644
1.103, 5.649
1.102, 5.647
1.101, 5.634
1.100, 5.636
1.100, 5.628
1.099, 5.626
1.098, 5.622
1.097, 5.631
1.097, 5.630
1.096, 5.633
1.095, 5.640
1.094, 5.646
1.094, 5.647
1.093, 5.653
1.092, 5.645
1.091, 5.651
1.091, 5.644
1.090, 5.640
1.089, 5.642
1.089, 5.638
1.088, 5.639
1.087, 5.634
1.086, 5.631
1.086, 5.632
1.085, 5.632
1.084, 5.632
1.083, 5.624
1.083, 5.635
1.082, 5.636
1.081, 5.660
1.081, 5.670
1.080, 5.670
1.079, 5.663
1.078, 5.657
1.078, 5.651
1.077, 5.652
1.076, 5.644
1.076, 5.644
1.075, 5.639
1.074, 5.638
1.073, 5.633
1.073, 5.634
1.072, 5.647
1.071, 5.657
1.071, 5.652
1.070, 5.645
1.069, 5.650
1.068, 5.656
1.068, 5.654
1.067, 5.659
1.066, 5.664
1.066, 5.666
1.065, 5.662
1.064, 5.661
1.064, 5.651
1.063, 5.645
1.062, 5.643
1.061, 5.642
1.061, 5.638
1.060, 5.641
1.059, 5.644
1.059, 5.649
1.058, 5.645
1.057, 5.662
1.057, 5.661
1.056, 5.654
1.055, 5.657
1.055, 5.656
1.054, 5.650
1.053, 5.653
1.053, 5.649
1.052, 5.649
1.051, 5.650
1.050, 5.655
1.050, 5.660
1.049, 5.661
1.048, 5.661
1.048, 5.654
1.047, 5.654
1.046, 5.656
1.046, 5.661
1.045, 5.662
1.044, 5.654
1.044, 5.654
1.043, 5.652
1.042, 5.659
1.042, 5.642
1.041, 5.648
1.040, 5.649
1.040, 5.649
1.039, 5.652
1.038, 5.657
1.038, 5.656
1.037, 5.666
1.036, 5.661
1.036, 5.656
1.035, 5.651
1.034, 5.651
1.034, 5.651
1.033, 5.655
1.032, 5.642
1.032, 5.638
1.031, 5.635
1.030, 5.631
1.030, 5.639
1.029, 5.636
1.029, 5.641
1.028, 5.656
1.027, 5.656
1.027, 5.655
1.026, 5.660
1.025, 5.664
1.025, 5.669
1.024, 5.663
1.023, 5.667
1.023, 5.654
1.022, 5.647
1.021, 5.644
1.021, 5.643
1.020, 5.637
1.019, 5.637
1.019, 5.634
1.018, 5.637
1.018, 5.639
1.017, 5.644
1.016, 5.647
1.016, 5.640
1.015, 5.648
1.014, 5.656
1.014, 5.658
1.013, 5.661
1.012, 5.651
1.012, 5.647
1.011, 5.643
1.011, 5.645
1.010, 5.643
1.009, 5.644
1.009, 5.640
1.008, 5.637
1.007, 5.638
1.007, 5.637
1.006, 5.647
1.006, 5.650
1.005, 5.651
1.004, 5.654
1.004, 5.649
1.003, 5.656
1.002, 5.654
1.002, 5.663
1.001, 5.661
1.001, 5.656
1.000, 5.650
0.999, 5.650
0.999, 5.653
0.998, 5.653
0.998, 5.647
0.997, 5.651
0.996, 5.651
0.996, 5.652
0.995, 5.647
0.994, 5.648
0.994, 5.643
0.993, 5.643
0.993, 5.651
0.992, 5.659
0.991, 5.649
0.991, 5.659
0.990, 5.657
0.990, 5.659
0.989, 5.660
0.988, 5.655
0.988, 5.651
0.987, 5.654
0.987, 5.646
0.986, 5.650
0.985, 5.643
0.985, 5.643
0.984, 5.637
0.984, 5.645
0.983, 5.641
0.982, 5.642
0.982, 5.640
0.981, 5.647
0.981, 5.649
0.980, 5.648
0.979, 5.661
0.979, 5.664
0.978, 5.665
0.978, 5.661
0.977, 5.653
0.977, 5.653
0.976, 5.648
0.975, 5.645
0.975, 5.652
0.974, 5.644
0.974, 5.635
0.973, 5.631
0.972, 5.623
0.972, 5.630
0.971, 5.633
0.971, 5.635
0.970, 5.635
0.970, 5.645
0.969, 5.652
0.968, 5.658
0.968, 5.662
0.967, 5.668
0.967, 5.649
0.966, 5.672
0.966, 5.676
0.965, 5.672
0.964, 5.660
0.964, 5.663
0.963, 5.654
0.963, 5.646
0.962, 5.642
0.962, 5.638
0.961, 5.628
0.960, 5.641
0.960, 5.650
0.959, 5.655
0.959, 5.652
0.958, 5.664
0.958, 5.661
0.957, 5.660
0.956, 5.656
0.956, 5.649
0.955, 5.640
0.955, 5.643
0.954, 5.633
0.954, 5.625
0.953, 5.630
0.952, 5.639
0.952, 5.646
0.951, 5.643
0.951, 5.652
0.950, 5.655
0.950, 5.653
0.949, 5.642
0.949, 5.653
0.948, 5.660
0.947, 5.658
0.947, 5.670
0.946, 5.655
0.946, 5.652
0.945, 5.647
0.945, 5.648
0.944, 5.641
0.944, 5.640
0.943, 5.646
0.943, 5.638
0.942, 5.647
0.941, 5.640
0.941, 5.639
0.940, 5.648
0.940, 5.650
0.939, 5.652
0.939, 5.646
0.938, 5.653
0.938, 5.651
0.937, 5.654
0.937, 5.649
0.936, 5.644
0.935, 5.650
0.935, 5.646
0.934, 5.638
0.934, 5.646
0.933, 5.642
0.933, 5.648
0.932, 5.647
0.932, 5.636
0.931, 5.640
0.931, 5.649
0.930, 5.653
0.930, 5.651
0.929, 5.650
0.929, 5.649
0.928, 5.649
0.927, 5.656
0.927, 5.650
0.926, 5.649
0.926, 5.644
0.925, 5.649
0.925, 5.643
0.924, 5.654
0.924, 5.644
0.923, 5.654
0.923, 5.647
0.922, 5.652
0.922, 5.650
0.921, 5.650
0.921, 5.651
0.920, 5.656
0.920, 5.643
0.919, 5.649
0.919, 5.637
0.918, 5.646
0.917, 5.642
0.917, 5.634
0.916, 5.632
0.916, 5.646
0.915, 5.643
0.915, 5.654
0.914, 5.666
0.914, 5.669
0.913, 5.670
0.913, 5.662
0.912, 5.659
0.912, 5.655
0.911, 5.640
0.911, 5.642
0.910, 5.639
0.910, 5.641
0.909, 5.635
0.909, 5.634
0.908, 5.641
0.908, 5.641
0.907, 5.647
0.907, 5.649
0.906, 5.641
0.906, 5.644
0.905, 5.646
0.905, 5.654
0.904, 5.649
0.904, 5.655
0.903, 5.656
0.903, 5.643
0.902, 5.641
0.902, 5.634
0.901, 5.628
0.901, 5.636
0.900, 5.630
0.900, 5.635
0.899, 5.640
0.899, 5.641
0.898, 5.639
0.898, 5.652
0.897, 5.656
0.897, 5.658
0.896, 5.657
0.896, 5.660
0.895, 5.648
0.895, 5.641
0.894, 5.638
0.894, 5.637
0.893, 5.639
0.893, 5.637
0.892, 5.646
0.892, 5.633
0.891, 5.641
0.891, 5.647
0.890, 5.645
0.890, 5.652
0.889, 5.646
0.889, 5.643
0.888, 5.654
0.888, 5.649
0.887, 5.640
0.887, 5.649
0.886, 5.651
0.886, 5.652
0.885, 5.649
0.885, 5.644
0.885, 5.637
0.884, 5.636
0.884, 5.635
0.883, 5.643
0.883, 5.645
0.882, 5.646
0.882, 5.652
0.881, 5.656
0.881, 5.650
0.880, 5.655
0.880, 5.650
0.879, 5.646
0.879, 5.637
0.878, 5.642
0.878, 5.638
0.877, 5.635
0.877, 5.642
0.876, 5.646
0.876, 5.648
0.875, 5.659
0.875, 5.643
0.874, 5.649
0.874, 5.648
0.874, 5.647
0.873, 5.642
0.873, 5.646
0.872, 5.653
0.872, 5.642
0.871, 5.631
0.871, 5.627
0.870, 5.637
0.870, 5.635
0.869, 5.630
0.869, 5.637
0.868, 5.639
0.868, 5.646
0.867, 5.637
0.867, 5.644
0.867, 5.646
0.866, 5.640
0.866, 5.644
0.865, 5.650
0.865, 5.645
0.864, 5.640
0.864, 5.639
0.863, 5.640
0.863, 5.631
0.862, 5.634
0.862, 5.627
0.862, 5.632
0.861, 5.633
0.861, 5.634
0.860, 5.628
0.860, 5.637
0.859, 5.633
0.859, 5.637
0.858, 5.643
0.858, 5.647
0.857, 5.642
0.857, 5.641
0.857, 5.633
0.856, 5.636
0.856, 5.633
0.855, 5.636
0.855, 5.634
0.854, 5.639
0.854, 5.635
0.853, 5.642
0.853, 5.647
0.852, 5.646
0.852, 5.647
0.852, 5.650
0.851, 5.655
0.851, 5.650
0.850, 5.650
0.850, 5.647
0.849, 5.646
0.849, 5.642
0.848, 5.649
0.848, 5.647
0.848, 5.640
0.847, 5.625
0.847, 5.629
0.846, 5.635
0.846, 5.633
0.845, 5.630
0.845, 5.631
0.844, 5.637
0.844, 5.640
0.844, 5.638
0.843, 5.646
0.843, 5.639
0.842, 5.642
0.842, 5.633
0.841, 5.641
0.841, 5.645
0.841, 5.636
0.840, 5.635
0.840, 5.644
0.839, 5.640
0.839, 5.642
0.838, 5.638
0.838, 5.634
0.838, 5.635
0.837, 5.642
0.837, 5.645
0.836, 5.637
0.836, 5.640
0.835, 5.649
0.835, 5.644
0.834, 5.649
0.834, 5.653
0.834, 5.653
0.833, 5.656
0.833, 5.648
0.832, 5.651
0.832, 5.639
0.832, 5.632
0.831, 5.628
0.831, 5.628
0.830, 5.626
0.830, 5.623
0.829, 5.630
0.829, 5.623
0.829, 5.624
0.828, 5.638
0.828, 5.642
0.827, 5.638
0.827, 5.633
0.826, 5.633
0.826, 5.644
0.826, 5.648
0.825, 5.663
0.825, 5.654
0.824, 5.652
0.824, 5.648
0.823, 5.649
0.823, 5.648
0.823, 5.655
0.822, 5.637
0.822, 5.639
0.821, 5.631
0.821, 5.632
0.821, 5.637
0.820, 5.638
0.820, 5.634
0.819, 5.640
0.819, 5.636
0.819, 5.642
0.818, 5.646
0.818, 5.647
0.817, 5.633
0.817, 5.639
0.816, 5.642
0.816, 5.635
0.816, 5.635
0.815, 5.646
0.815, 5.636
0.814, 5.632
0.814, 5.633
0.814, 5.633
0.813, 5.638
0.813, 5.647
0.812, 5.642
0.812, 5.646
0.812, 5.643
0.811, 5.647
0.811, 5.644
0.810, 5.652
0.810, 5.631
0.810, 5.642
0.809, 5.643
0.809, 5.643
0.808, 5.644
0.808, 5.644
0.808, 5.627
0.807, 5.628
0.807, 5.639
0.806, 5.646
0.806, 5.645
0.806, 5.653
0.805, 5.643
0.805, 5.634
0.804, 5.628
0.804, 5.626
0.804, 5.635
0.803, 5.648
0.803, 5.644
0.802, 5.651
0.802, 5.640
0.802, 5.637
0.801, 5.633
0.801, 5.644
0.800, 5.636
0.800, 5.642
0.800, 5.648
0.799, 5.645
0.799, 5.640
0.798, 5.641
0.798, 5.645
0.798, 5.646
0.797, 5.638
0.797, 5.646
0.796, 5.641
0.796, 5.640
0.796, 5.632
0.795, 5.633
0.795, 5.631
0.794, 5.644
0.794, 5.641
0.794, 5.646
0.793, 5.653
0.793, 5.647
0.793, 5.652
0.792, 5.648
0.792, 5.635
0.791, 5.635
0.791, 5.635
0.791, 5.640
0.790, 5.636
0.790, 5.628
0.789, 5.626
0.789, 5.629
0.789, 5.628
0.788, 5.627
0.788, 5.625
0.788, 5.631
0.787, 5.639
0.787, 5.652
0.786, 5.643
0.786, 5.649
0.786, 5.645
0.785, 5.649
0.785, 5.641
0.784, 5.634
0.784, 5.631
0.784, 5.633
0.783, 5.624
0.783, 5.629
0.783, 5.628
0.782, 5.621
0.782, 5.624
0.781, 5.624
0.781, 5.628
0.781, 5.633
0.780, 5.646
0.780, 5.644
0.780, 5.640
0.779, 5.649
0.779, 5.641
0.778, 5.642
0.778, 5.638
0.778, 5.637
0.777, 5.629
0.777, 5.626
0.777, 5.630
0.776, 5.632
0.776, 5.628
0.775, 5.626
0.775, 5.627
0.775, 5.633
0.774, 5.630
0.774, 5.639
0.774, 5.641
0.773, 5.635
0.773, 5.643
0.773, 5.651
0.772, 5.650
0.772, 5.636
0.771, 5.638
0.771, 5.642
0.771, 5.636
0.770, 5.636
0.770, 5.626
0.770, 5.626
0.769, 5.624
0.769, 5.626
0.769, 5.633
0.768, 5.629
0.768, 5.630
0.767, 5.640
0.767, 5.635
0.767, 5.640
0.766, 5.640
0.766, 5.642
0.766, 5.651
0.765, 5.639
0.765, 5.640
0.765, 5.641
0.764, 5.636
0.764, 5.637
0.763, 5.641
0.763, 5.626
0.763, 5.629
0.762, 5.631
0.762, 5.634
0.762, 5.631
0.761, 5.638
0.761, 5.640
0.761, 5.636
0.760, 5.631
0.760, 5.634
0.760, 5.631
0.759, 5.632
0.759, 5.636
0.758, 5.639
0.758, 5.646
0.758, 5.645
0.757, 5.637
0.757, 5.638
0.757, 5.635
0.756, 5.641
0.756, 5.639
0.756, 5.642
0.755, 5.636
0.755, 5.627
0.755, 5.631
0.754, 5.626
0.754, 5.624
0.754, 5.627
0.753, 5.619
0.753, 5.620
0.752, 5.626
0.752, 5.619
0.752, 5.624
0.751, 5.626
0.751, 5.642
0.751, 5.647
0.750, 5.644
0.750, 5.643
0.750, 5.654
0.749, 5.642
0.749, 5.643
0.749, 5.633
0.748, 5.629
0.748, 5.620
0.748, 5.626
0.747, 5.624
0.747, 5.619
0.747, 5.626
0.746, 5.635
0.746, 5.634
0.746, 5.639
0.745, 5.637
0.745, 5.634
0.745, 5.642
0.744, 5.646
0.744, 5.641
0.744, 5.635
0.743, 5.640
0.743, 5.621
0.743, 5.619
0.742, 5.631
0.742, 5.622
0.741, 5.625
0.741, 5.626
0.741, 5.625
0.740, 5.627
0.740, 5.638
0.740, 5.638
0.739, 5.648
0.739, 5.636
0.739, 5.642
0.738, 5.637
0.738, 5.643
0.738, 5.639
0.737, 5.629
0.737, 5.645
0.737, 5.645
0.736, 5.646
0.736, 5.644
0.736, 5.640
0.735, 5.637
0.735, 5.635
0.735, 5.632
0.734, 5.634
0.734, 5.634
0.734, 5.643
0.733, 5.641
0.733, 5.646
0.733, 5.647
0.732, 5.647
0.732, 5.640
0.732, 5.634
0.731, 5.626
0.731, 5.627
0.731, 5.628
0.730, 5.632
0.730, 5.628
0.730, 5.637
0.730, 5.626
0.729, 5.633
0.729, 5.641
0.729, 5.638
0.728, 5.643
0.728, 5.641
0.728, 5.635
0.727, 5.632
0.727, 5.640
0.727, 5.632
0.726, 5.633
0.726, 5.634
0.726, 5.639
0.725, 5.628
0.725, 5.635
0.725, 5.638
0.724, 5.649
0.724, 5.645
0.724, 5.642
0.723, 5.651
0.723, 5.651
0.723, 5.647
0.722, 5.644
0.722, 5.638
0.722, 5.640
0.721, 5.633
0.721, 5.631
0.721, 5.626
0.720, 5.627
0.720, 5.629
0.720, 5.630
0.719, 5.635
0.719, 5.637
0.719, 5.645
0.719, 5.648
0.718, 5.650
0.718, 5.649
0.718, 5.647
0.717, 5.640
0.717, 5.640
0.717, 5.636
0.716, 5.631
0.716, 5.626
0.716, 5.626
0.715, 5.621
0.715, 5.624
0.715, 5.637
0.714, 5.638
0.714, 5.639
0.714, 5.641
0.713, 5.638
0.713, 5.644
0.713, 5.647
0.713, 5.634
0.712, 5.636
0.712, 5.644
0.712, 5.632
0.711, 5.630
0.711, 5.634
0.711, 5.627
0.710, 5.632
0.710, 5.634
0.710, 5.639
0.709, 5.641
0.709, 5.643
0.709, 5.655
0.708, 5.650
0.708, 5.646
0.708, 5.644
0.708, 5.640
0.707, 5.634
0.707, 5.631
0.707, 5.625
0.706, 5.628
0.706, 5.623
0.706, 5.628
0.705, 5.624
0.705, 5.618
0.705, 5.631
0.704, 5.630
0.704, 5.624
0.704, 5.634
0.704, 5.637
0.703, 5.642
0.703, 5.643
0.703, 5.641
0.702, 5.632
0.702, 5.626
0.702, 5.632
0.701, 5.627
0.701, 5.625
0.701, 5.628
0.701, 5.627
0.700, 5.629
0.700, 5.629
0.700, 5.628
0.699, 5.626
0.699, 5.627
0.699, 5.629
0.698, 5.642
0.698, 5.637
0.698, 5.637
0.698, 5.636
0.697, 5.628
0.697, 5.631
0.697, 5.626
0.696, 5.624
0.696, 5.631
0.696, 5.618
0.695, 5.625
0.695, 5.634
0.695, 5.635
0.695, 5.633
0.694, 5.633
0.694, 5.640
0.694, 5.645
0.693, 5.646
0.693, 5.644
0.693, 5.642
0.692, 5.628
0.692, 5.627
0.692, 5.616
0.692, 5.623
0.691, 5.619
0.691, 5.621
0.691, 5.622
0.690, 5.621
0.690, 5.623
0.690, 5.631
0.690, 5.631
0.689, 5.642
0.689, 5.637
0.689, 5.640
0.688, 5.634
0.688, 5.634
0.688, 5.634
0.687, 5.629
0.687, 5.625
0.687, 5.626
0.687, 5.624
0.686, 5.632
0.686, 5.632
0.686, 5.625
0.685, 5.622
0.685, 5.630
0.685, 5.627
0.685, 5.632
0.684, 5.639
0.684, 5.636
0.684, 5.633
0.683, 5.631
0.683, 5.622
0.683, 5.627
0.683, 5.618
0.682, 5.621
0.682, 5.617
0.682, 5.612
0.681, 5.623
0.681, 5.619
0.681, 5.619
0.681, 5.629
0.680, 5.625
0.680, 5.627
0.680, 5.630
0.679, 5.625
0.679, 5.618
0.679, 5.618
0.679, 5.618
0.678, 5.622
0.678, 5.635
0.678, 5.625
0.677, 5.628
0.677, 5.614
0.677, 5.619
0.677, 5.621
0.676, 5.622
0.676, 5.619
0.676, 5.625
0.675, 5.624
0.675, 5.624
0.675, 5.633
0.675, 5.628
0.674, 5.634
0.674, 5.632
0.674, 5.629
0.674, 5.626
0.673, 5.618
0.673, 5.609
0.673, 5.611
0.672, 5.608
0.672, 5.605
0.672, 5.611
0.672, 5.618
0.671, 5.633
0.671, 5.624
0.671, 5.623
0.670, 5.622
0.670, 5.623
0.670, 5.633
0.670, 5.629
0.669, 5.630
0.669, 5.624
0.669, 5.628
0.669, 5.627
0.668, 5.624
0.668, 5.623
0.668, 5.633
0.667, 5.630
0.667, 5.628
0.667, 5.634
0.667, 5.636
0.666, 5.625
0.666, 5.623
0.666, 5.619
0.666, 5.619
0.665, 5.623
0.665, 5.611
0.665, 5.612
0.664, 5.612
0.664, 5.617
0.664, 5.617
0.664, 5.623
0.663, 5.629
0.663, 5.621
0.663, 5.623
0.663, 5.626
0.662, 5.633
0.662, 5.630
0.662, 5.633
0.661, 5.640
0.661, 5.645
0.661, 5.633
0.661, 5.632
0.660, 5.623
0.660, 5.627
0.660, 5.628
0.660, 5.627
0.659, 5.631
0.659, 5.623
0.659, 5.630
0.658, 5.632
0.658, 5.635
0.658, 5.639
0.658, 5.634
0.657, 5.628
0.657, 5.626
0.657, 5.616
0.657, 5.601
0.656, 5.614
0.656, 5.606
0.656, 5.612
0.656, 5.616
0.655, 5.619
0.655, 5.623
0.655, 5.619
0.655, 5.620
0.654, 5.625
0.654, 5.629
0.654, 5.631
0.653, 5.641
0.653, 5.632
0.653, 5.637
0.653, 5.643
0.652, 5.627
0.652, 5.626
0.652, 5.622
0.652, 5.636
0.651, 5.630
0.651, 5.614
0.651, 5.614
0.651, 5.617
0.650, 5.622
0.650, 5.627
0.650, 5.627
0.650, 5.635
0.649, 5.621
0.649, 5.632
0.649, 5.627
0.648, 5.633
0.648, 5.639
0.648, 5.626
0.648, 5.629
0.647, 5.621
0.647, 5.611
0.647, 5.615
0.647, 5.621
0.646, 5.620
0.646, 5.617
0.646, 5.625
0.646, 5.631
0.645, 5.628
0.645, 5.637
0.645, 5.639
0.645, 5.627
0.644, 5.629
0.644, 5.630
0.644, 5.633
0.644, 5.632
0.643, 5.623
0.643, 5.623
0.643, 5.634
0.643, 5.632
0.642, 5.625
0.642, 5.628
0.642, 5.626
0.642, 5.612
0.641, 5.626
0.641, 5.624
0.641, 5.629
0.641, 5.629
0.640, 5.624
0.640, 5.626
0.640, 5.630
0.640, 5.635
0.639, 5.629
0.639, 5.622
0.639, 5.635
0.639, 5.631
0.638, 5.622
0.638, 5.621
0.638, 5.631
0.638, 5.629
0.637, 5.629
0.637, 5.635
0.637, 5.636
0.637, 5.638
0.636, 5.635
0.636, 5.625
0.636, 5.620
0.636, 5.629
0.635, 5.623
0.635, 5.626
0.635, 5.622
0.635, 5.619
0.634, 5.610
0.634, 5.621
0.634, 5.621
0.634, 5.641
0.633, 5.638
0.633, 5.621
0.633, 5.625
0.633, 5.626
0.632, 5.628
0.632, 5.619
0.632, 5.636
0.632, 5.628
0.631, 5.616
0.631, 5.615
0.631, 5.622
0.631, 5.619
0.630, 5.619
0.630, 5.618
0.630, 5.621
0.630, 5.619
0.629, 5.616
0.629, 5.628
0.629, 5.639
0.629, 5.634
0.628, 5.629
0.628, 5.631
0.628, 5.633
0.628, 5.633
0.627, 5.635
0.627, 5.632
0.627, 5.625
0.627, 5.621
0.626, 5.622
0.626, 5.614
0.626, 5.621
0.626, 5.624
0.626, 5.619
0.625, 5.620
0.625, 5.620
0.625, 5.630
0.625, 5.632
0.624, 5.633
0.624, 5.630
0.624, 5.634
0.624, 5.634
0.623, 5.634
0.623, 5.623
0.623, 5.614
0.623, 5.617
0.622, 5.611
0.622, 5.611
0.622, 5.616
0.622, 5.616
0.621, 5.611
0.621, 5.606
0.621, 5.616
0.621, 5.632
0.620, 5.635
0.620, 5.645
0.620, 5.648
0.620, 5.643
0.620, 5.634
0.619, 5.641
0.619, 5.631
0.619, 5.625
0.619, 5.615
0.618, 5.607
0.618, 5.624
0.618, 5.633
0.618, 5.628
0.617, 5.627
0.617, 5.623
0.617, 5.626
0.617, 5.630
0.616, 5.642
0.616, 5.632
0.616, 5.627
0.616, 5.616
0.616, 5.620
0.615, 5.614
0.615, 5.609
0.615, 5.612
0.615, 5.613
0.614, 5.615
0.614, 5.620
0.614, 5.619
0.614, 5.632
0.613, 5.637
0.613, 5.638
0.613, 5.640
0.613, 5.628
0.613, 5.628
0.612, 5.615
0.612, 5.605
0.612, 5.610
0.612, 5.619
0.611, 5.617
0.611, 5.618
0.611, 5.622
0.611, 5.630
0.610, 5.627
0.610, 5.622
0.610, 5.621
0.610, 5.625
0.610, 5.637
0.609, 5.627
0.609, 5.628
0.609, 5.640
0.609, 5.625
0.608, 5.627
0.608, 5.619
0.608, 5.614
0.608, 5.619
0.607, 5.620
0.607, 5.630
0.607, 5.619
0.607, 5.621
0.607, 5.626
0.606, 5.623
0.606, 5.626
0.606, 5.625
0.606, 5.619
0.605, 5.632
0.605, 5.631
0.605, 5.619
0.605, 5.622
0.605, 5.627
0.604, 5.623
0.604, 5.614
0.604, 5.618
0.604, 5.608
0.603, 5.615
0.603, 5.618
0.603, 5.616
0.603, 5.614
0.603, 5.614
0.602, 5.617
0.602, 5.622
0.602, 5.620
0.602, 5.626
0.601, 5.622
0.601, 5.622
0.601, 5.626
0.601, 5.609
0.601, 5.612
0.600, 5.614
0.600, 5.621
0.600, 5.613
0.600, 5.613
0.599, 5.619
0.599, 5.631
0.599, 5.632
0.599, 5.636
0.599, 5.626
0.598, 5.625
0.598, 5.631
0.598, 5.617
0.598, 5.622
0.597, 5.617
0.597, 5.626
0.597, 5.618
0.597, 5.614
0.597, 5.612
0.596, 5.619
0.596, 5.621
0.596, 5.619
0.596, 5.631
0.595, 5.635
0.595, 5.632
0.595, 5.634
0.595, 5.634
0.595, 5.613
0.594, 5.623
0.594, 5.618
0.594, 5.610
0.594, 5.615
0.593, 5.614
0.593, 5.613
0.593, 5.614
0.593, 5.620
0.593, 5.618
0.592, 5.625
0.592, 5.630
0.592, 5.622
0.592, 5.628
0.592, 5.622
0.591, 5.628
0.591, 5.627
0.591, 5.623
0.591, 5.624
0.590, 5.628
0.590, 5.630
0.590, 5.624
0.590, 5.621
0.590, 5.620
0.589, 5.623
0.589, 5.627
0.589, 5.623
0.589, 5.628
0.589, 5.627
0.588, 5.628
0.588, 5.622
0.588, 5.625
0.588, 5.625
0.587, 5.628
0.587, 5.626
0.587, 5.623
0.587, 5.622
0.587, 5.619
0.586, 5.611
0.586, 5.615
0.586, 5.624
0.586, 5.628
0.586, 5.635
0.585, 5.638
0.585, 5.637
0.585, 5.635
0.585, 5.633
0.585, 5.626
0.584, 5.627
0.584, 5.626
0.584, 5.628
0.584, 5.628
0.583, 5.630
0.583, 5.621
0.583, 5.602
0.583, 5.609
0.583, 5.623
0.582, 5.616
0.582, 5.621
0.582, 5.625
0.582, 5.632
0.582, 5.633
0.581, 5.633
0.581, 5.636
0.581, 5.628
0.581, 5.632
0.581, 5.619
0.580, 5.613
0.580, 5.608
0.580, 5.611
0.580, 5.614
0.580, 5.620
0.579, 5.616
0.579, 5.619
0.579, 5.618
0.579, 5.627
0.578, 5.632
0.578, 5.640
0.578, 5.633
0.578, 5.631
0.578, 5.627
0.577, 5.628
0.577, 5.630
0.577, 5.636
0.577, 5.632
0.577, 5.628
0.576, 5.628
0.576, 5.622
0.576, 5.625
0.576, 5.625
0.576, 5.621
0.575, 5.609
0.575, 5.614
0.575, 5.616
0.575, 5.617
0.575, 5.626
0.574, 5.633
0.574, 5.622
0.574, 5.624
0.574, 5.633
0.574, 5.632
0.573, 5.623
0.573, 5.623
0.573, 5.626
0.573, 5.627
0.573, 5.629
0.572, 5.641
0.572, 5.632
0.572, 5.639
0.572, 5.626
0.572, 5.629
0.571, 5.622
0.571, 5.624
0.571, 5.621
0.571, 5.618
0.571, 5.611
0.570, 5.608
0.570, 5.624
0.570, 5.614
0.570, 5.623
0.570, 5.612
0.569, 5.634
0.569, 5.640
0.569, 5.646
0.569, 5.646
0.569, 5.647
0.568, 5.641
0.568, 5.628
0.568, 5.624
0.568, 5.621
0.568, 5.614
0.567, 5.612
0.567, 5.609
0.567, 5.611
0.567, 5.620
0.567, 5.618
0.566, 5.625
0.566, 5.625
0.566, 5.636
0.566, 5.637
0.566, 5.639
0.565, 5.639
0.565, 5.638
0.565, 5.635
0.565, 5.623
0.565, 5.620
0.564, 5.623
0.564, 5.614
0.564, 5.617
0.564, 5.608
0.564, 5.612
0.563, 5.607
0.563, 5.608
0.563, 5.618
0.563, 5.623
0.563, 5.630
0.562, 5.627
0.562, 5.634
0.562, 5.630
0.562, 5.639
0.562, 5.646
0.561, 5.635
0.561, 5.635
0.561, 5.633
0.561, 5.617
0.561, 5.608
0.561, 5.599
0.560, 5.603
0.560, 5.616
0.560, 5.613
0.560, 5.613
0.560, 5.623
0.559, 5.621
0.559, 5.630
0.559, 5.627
0.559, 5.634
0.559, 5.632
0.558, 5.627
0.558, 5.631
0.558, 5.637
0.558, 5.638
0.558, 5.630
0.557, 5.627
0.557, 5.622
0.557, 5.626
0.557, 5.622
0.557, 5.624
0.556, 5.629
0.556, 5.623
0.556, 5.624
0.556, 5.624
0.556, 5.620
0.556, 5.617
0.555, 5.630
0.555, 5.630
0.555, 5.633
0.555, 5.636
0.555, 5.628
0.554, 5.617
0.554, 5.626
0.554, 5.620
0.554, 5.619
0.554, 5.623
0.553, 5.629
0.553, 5.637
0.553, 5.628
0.553, 5.631
0.553, 5.641
0.552, 5.649
0.552, 5.645
0.552, 5.632
0.552, 5.621
0.552, 5.631
0.552, 5.628
0.551, 5.629
0.551, 5.627
0.551, 5.630
0.551, 5.624
0.551, 5.629
0.550, 5.625
0.550, 5.629
0.550, 5.629
0.550, 5.633
0.550, 5.628
0.550, 5.640
0.549, 5.637
0.549, 5.632
0.549, 5.617
0.549, 5.620
0.549, 5.613
0.548, 5.620
0.548, 5.621
0.548, 5.619
0.548, 5.620
0.548, 5.628
0.547, 5.621
0.547, 5.635
0.547, 5.629
0.547, 5.631
0.547, 5.633
0.547, 5.640
0.546, 5.624
0.546, 5.623
0.546, 5.628
0.546, 5.629
0.546, 5.622
0.545, 5.628
0.545, 5.630
0.545, 5.637
0.545, 5.638
0.545, 5.640
0.545, 5.631
0.544, 5.635
0.544, 5.629
0.544, 5.634
0.544, 5.635
0.544, 5.636
0.543, 5.627
0.543, 5.629
0.543, 5.628
0.543, 5.629
0.543, 5.620
0.543, 5.613
0.542, 5.609
0.542, 5.611
0.542, 5.607
0.542, 5.615
0.542, 5.617
0.541, 5.625
0.541, 5.633
0.541, 5.634
0.541, 5.621
0.541, 5.626
0.541, 5.628
0.540, 5.635
0.540, 5.624
0.540, 5.638
0.540, 5.628
0.540, 5.631
0.539, 5.625
0.539, 5.620
0.539, 5.617
0.539, 5.613
0.539, 5.619
0.539, 5.624
0.538, 5.634
0.538, 5.642
0.538, 5.634
0.538, 5.637
0.538, 5.629
0.537, 5.632
0.537, 5.627
0.537, 5.621
0.537, 5.625
0.537, 5.625
0.537, 5.620
0.536, 5.625
0.536, 5.626
0.536, 5.629
0.536, 5.624
0.536, 5.632
0.536, 5.627
0.535, 5.627
0.535, 5.632
0.535, 5.640
0.535, 5.640
0.535, 5.644
0.534, 5.631
0.534, 5.625
0.534, 5.614
0.534, 5.630
0.534, 5.615
0.534, 5.622
0.533, 5.615
0.533, 5.613
0.533, 5.621
0.533, 5.633
0.533, 5.625
0.533, 5.622
0.532, 5.628
0.532, 5.630
0.532, 5.631
0.532, 5.632
0.532, 5.629
0.532, 5.632
0.531, 5.620
0.531, 5.624
0.531, 5.627
0.531, 5.629
0.531, 5.623
0.530, 5.623
0.530, 5.626
0.530, 5.620
0.530, 5.624
0.530, 5.637
0.530, 5.632
0.529, 5.636
0.529, 5.628
0.529, 5.637
0.529, 5.630
0.529, 5.620
0.529, 5.625
0.528, 5.620
0.528, 5.627
0.528, 5.625
0.528, 5.629
0.528, 5.626
0.528, 5.628
0.527, 5.618
0.527, 5.623
0.527, 5.617
0.527, 5.615
0.527, 5.621
0.527, 5.625
0.526, 5.629
0.526, 5.643
0.526, 5.632
0.526, 5.635
0.526, 5.627
0.525, 5.628
0.525, 5.619
0.525, 5.621
0.525, 5.623
0.525, 5.625
0.525, 5.628
0.524, 5.634
0.524, 5.627
0.524, 5.630
0.524, 5.640
0.524, 5.642
0.524, 5.642
0.523, 5.634
0.523, 5.639
0.523, 5.626
0.523, 5.620
0.523, 5.616
0.523, 5.615
0.522, 5.624
0.522, 5.624
0.522, 5.631
0.522, 5.632
0.522, 5.645
0.522, 5.644
0.521, 5.642
0.521, 5.645
0.521, 5.635
0.521, 5.628
0.521, 5.627
0.521, 5.625
0.520, 5.626
0.520, 5.617
0.520, 5.614
0.520, 5.611
0.520, 5.615
0.520, 5.615
0.519, 5.614
0.519, 5.627
0.519, 5.623
0.519, 5.632
0.519, 5.636
0.519, 5.626
0.518, 5.626
0.518, 5.639
0.518, 5.632
0.518, 5.630
0.518, 5.628
0.518, 5.625
0.517, 5.615
0.517, 5.613
0.517, 5.598
0.517, 5.615
0.517, 5.607
0.517, 5.619
0.516, 5.622
0.516, 5.628
0.516, 5.635
0.516, 5.630
0.516, 5.626
0.516, 5.619
0.515, 5.626
0.515, 5.620
0.515, 5.626
0.515, 5.625
0.515, 5.621
0.515, 5.614
0.515, 5.631
0.514, 5.627
0.514, 5.629
0.514, 5.626
0.514, 5.631
0.514, 5.633
0.514, 5.629
0.513, 5.627
0.513, 5.626
0.513, 5.619
0.513, 5.630
0.513, 5.636
0.513, 5.631
0.512, 5.625
0.512, 5.628
0.512, 5.628
0.512, 5.634
0.512, 5.627
0.512, 5.620
0.511, 5.627
0.511, 5.628
0.511, 5.635
0.511, 5.624
0.511, 5.625
0.511, 5.634
0.510, 5.621
0.510, 5.624
0.510, 5.627
0.510, 5.618
0.510, 5.619
0.510, 5.622
0.509, 5.617
0.509, 5.614
0.509, 5.615
0.509, 5.621
0.509, 5.619
0.509, 5.627
0.509, 5.634
0.508, 5.632
0.508, 5.624
0.508, 5.628
0.508, 5.629
0.508, 5.634
0.508, 5.628
0.507, 5.629
0.507, 5.623
0.507, 5.637
0.507, 5.626
0.507, 5.622
0.507, 5.625
0.506, 5.623
0.506, 5.620
0.506, 5.624
0.506, 5.622
0.506, 5.624
0.506, 5.620
0.506, 5.621
0.505, 5.624
0.505, 5.620
0.505, 5.629
0.505, 5.625
0.505, 5.627
0.505, 5.632
0.504, 5.629
0.504, 5.627
0.504, 5.626
0.504, 5.636
0.504, 5.627
0.504, 5.621
0.503, 5.623
0.503, 5.630
0.503, 5.624
0.503, 5.631
0.503, 5.623
0.503, 5.621
0.503, 5.634
0.502, 5.640
0.502, 5.634
0.502, 5.638
0.502, 5.631
0.502, 5.640
0.502, 5.636
0.501, 5.635
0.501, 5.629
0.501, 5.624
0.501, 5.622
0.501, 5.621
0.501, 5.620
0.501, 5.623
0.500, 5.623
0.500, 5.624
0.500, 5.629
0.500, 5.633
0.500, 5.629
0.500, 5.626
0.499, 5.630
0.499, 5.634
0.499, 5.642
0.499, 5.636
0.499, 5.626
0.499, 5.627
0.499, 5.636
0.498, 5.636
0.498, 5.637
0.498, 5.632
0.498, 5.627
0.498, 5.627
0.498, 5.629
0.497, 5.632
0.497, 5.629
0.497, 5.630
0.497, 5.623
0.497, 5.620
0.497, 5.632
0.497, 5.633
0.496, 5.632
0.496, 5.634
0.496, 5.630
0.496, 5.630
0.496, 5.627
0.496, 5.626
0.496, 5.631
0.495, 5.646
0.495, 5.640
0.495, 5.632
0.495, 5.634
0.495, 5.626
0.495, 5.620
0.494, 5.618
0.494, 5.618
0.494, 5.625
0.494, 5.616
0.494, 5.624
0.494, 5.630
0.494, 5.630
0.493, 5.624
0.493, 5.639
0.493, 5.641
0.493, 5.651
0.493, 5.646
0.493, 5.635
0.492, 5.632
0.492, 5.623
0.492, 5.622
0.492, 5.623
0.492, 5.614
0.492, 5.623
0.492, 5.626
0.491, 5.628
0.491, 5.633
0.491, 5.627
0.491, 5.638
0.491, 5.642
0.491, 5.634
0.491, 5.641
0.490, 5.633
0.490, 5.627
0.490, 5.625
0.490, 5.624
0.490, 5.621
0.490, 5.623
0.490, 5.621
0.489, 5.620
0.489, 5.623
0.489, 5.635
0.489, 5.637
0.489, 5.632
0.489, 5.646
0.488, 5.638
0.488, 5.645
0.488, 5.650
0.488, 5.647
0.488, 5.645
0.488, 5.633
0.488, 5.629
0.487, 5.628
0.487, 5.614
0.487, 5.621
0.487, 5.622
0.487, 5.627
0.487, 5.624
0.487, 5.633
0.486, 5.635
0.486, 5.625
0.486, 5.630
0.486, 5.635
0.486, 5.639
0.486, 5.639
0.486, 5.633
0.485, 5.641
0.485, 5.630
0.485, 5.638
0.485, 5.634
0.485, 5.636
0.485, 5.640
0.485, 5.630
0.484, 5.632
0.484, 5.626
0.484, 5.630
0.484, 5.626
0.484, 5.628
0.484, 5.619
0.484, 5.631
0.483, 5.640
0.483, 5.643
0.483, 5.631
0.483, 5.634
0.483, 5.630
0.483, 5.627
0.483, 5.625
0.482, 5.629
0.482, 5.626
0.482, 5.636
0.482, 5.639
0.482, 5.646
0.482, 5.646
0.482, 5.655
0.481, 5.639
0.481, 5.645
0.481, 5.639
0.481, 5.633
0.481, 5.626
0.481, 5.633
0.481, 5.617
0.480, 5.620
0.480, 5.612
0.480, 5.618
0.480, 5.621
0.480, 5.625
0.480, 5.631
0.480, 5.626
0.479, 5.637
0.479, 5.644
0.479, 5.651
0.479, 5.651
0.479, 5.642
0.479, 5.643
0.479, 5.640
0.478, 5.643
0.478, 5.639
0.478, 5.627
0.478, 5.622
0.478, 5.611
0.478, 5.618
0.478, 5.625
0.477, 5.624
0.477, 5.626
0.477, 5.626
0.477, 5.629
0.477, 5.638
0.477, 5.637
0.477, 5.637
0.476, 5.638
0.476, 5.642
0.476, 5.630
0.476, 5.638
0.476, 5.634
0.476, 5.638
0.476, 5.628
0.475, 5.622
0.475, 5.621
0.475, 5.618
0.475, 5.624
0.475, 5.627
0.475, 5.626
0.475, 5.633
0.475, 5.628
0.474, 5.625
0.474, 5.624
0.474, 5.626
0.474, 5.634
0.474, 5.639
0.474, 5.631
0.474, 5.633
0.473, 5.625
0.473, 5.622
0.473, 5.624
0.473, 5.629
0.473, 5.629
0.473, 5.635
0.473, 5.633
0.472, 5.643
0.472, 5.646
0.472, 5.641
0.472, 5.634
0.472, 5.641
0.472, 5.631
0.472, 5.634
0.471, 5.621
0.471, 5.620
0.471, 5.621
0.471, 5.628
0.471, 5.624
0.471, 5.632
0.471, 5.623
0.471, 5.632
0.470, 5.632
0.470, 5.629
0.470, 5.626
0.470, 5.639
0.470, 5.639
0.470, 5.634
0.470, 5.639
0.469, 5.637
0.469, 5.627
0.469, 5.620
0.469, 5.633
0.469, 5.629
0.469, 5.628
0.469, 5.637
0.468, 5.634
0.468, 5.635
0.468, 5.635
0.468, 5.634
0.468, 5.630
0.468, 5.635
0.468, 5.643
0.468, 5.633
0.467, 5.634
0.467, 5.628
0.467, 5.621
0.467, 5.632
0.467, 5.626
0.467, 5.625
0.467, 5.621
0.466, 5.620
0.466, 5.630
0.466, 5.632
0.466, 5.642
0.466, 5.652
0.466, 5.652
0.466, 5.645
0.466, 5.655
0.465, 5.641
0.465, 5.649
0.465, 5.630
0.465, 5.625
0.465, 5.617
0.465, 5.615
0.465, 5.610
0.464, 5.631
0.464, 5.629
0.464, 5.635
0.464, 5.635
0.464, 5.634
0.464, 5.637
0.464, 5.640
0.464, 5.639
0.463, 5.634
0.463, 5.638
0.463, 5.639
0.463, 5.635
0.463, 5.630
0.463, 5.634
0.463, 5.639
0.462, 5.628
0.462, 5.629
0.462, 5.623
0.462, 5.632
0.462, 5.634
0.462, 5.629
0.462, 5.637
0.462, 5.632
0.461, 5.639
0.461, 5.642
0.461, 5.639
0.461, 5.630
0.461, 5.642
0.461, 5.629
0.461, 5.637
0.461, 5.624
0.460, 5.635
0.460, 5.641
0.460, 5.625
0.460, 5.631
0.460, 5.623
0.460, 5.635
0.460, 5.638
0.459, 5.637
0.459, 5.635
0.459, 5.629
0.459, 5.626
0.459, 5.629
0.459, 5.618
0.459, 5.623
0.459, 5.622
0.458, 5.629
0.458, 5.630
0.458, 5.628
0.458, 5.633
0.458, 5.637
0.458, 5.640
0.458, 5.641
0.458, 5.639
0.457, 5.634
0.457, 5.637
0.457, 5.641
0.457, 5.622
0.457, 5.631
0.457, 5.637
0.457, 5.640
0.456, 5.637
0.456, 5.635
0.456, 5.633
0.456, 5.640
0.456, 5.630
0.456, 5.630
0.456, 5.627
0.456, 5.630
0.455, 5.644
0.455, 5.652
0.455, 5.649
0.455, 5.646
0.455, 5.646
0.455, 5.647
0.455, 5.633
0.455, 5.626
0.454, 5.618
0.454, 5.623
0.454, 5.622
0.454, 5.615
0.454, 5.616
0.454, 5.627
0.454, 5.617
0.454, 5.628
0.453, 5.636
0.453, 5.638
0.453, 5.632
0.453, 5.637
0.453, 5.632
0.453, 5.625
0.453, 5.613
0.453, 5.618
0.452, 5.613
0.452, 5.620
0.452, 5.617
0.452, 5.617
0.452, 5.618
0.452, 5.625
0.452, 5.630
0.452, 5.634
0.451, 5.641
0.451, 5.634
0.451, 5.637
0.451, 5.632
0.451, 5.630
0.451, 5.630
0.451, 5.633
0.451, 5.624
0.450, 5.631
0.450, 5.633
0.450, 5.623
0.450, 5.627
0.450, 5.630
0.450, 5.621
0.450, 5.623
0.450, 5.618
0.449, 5.626
0.449, 5.634
0.449, 5.633
0.449, 5.635
0.449, 5.644
0.449, 5.645
0.449, 5.638
0.449, 5.638
0.448, 5.631
0.448, 5.635
0.448, 5.632
0.448, 5.639
0.448, 5.632
0.448, 5.629
0.448, 5.629
0.448, 5.617
0.447, 5.629
0.447, 5.623
0.447, 5.629
0.447, 5.642
0.447, 5.638
0.447, 5.640
0.447, 5.639
0.447, 5.643
0.446, 5.642
0.446, 5.633
0.446, 5.623
0.446, 5.623
0.446, 5.612
0.446, 5.619
0.446, 5.611
0.446, 5.624
0.445, 5.633
0.445, 5.634
0.445, 5.627
0.445, 5.631
0.445, 5.636
0.445, 5.639
0.445, 5.635
0.445, 5.632
0.444, 5.632
0.444, 5.636
0.444, 5.636
0.444, 5.633
0.444, 5.628
0.444, 5.622
0.444, 5.622
0.444, 5.633
0.444, 5.627
0.443, 5.629
0.443, 5.628
0.443, 5.628
0.443, 5.626
0.443, 5.629
0.443, 5.621
0.443, 5.619
0.443, 5.627
0.442, 5.617
0.442, 5.619
0.442, 5.616
0.442, 5.619
0.442, 5.629
0.442, 5.631
0.442, 5.637
0.442, 5.633
0.441, 5.648
0.441, 5.640
0.441, 5.638
0.441, 5.642
0.441, 5.634
0.441, 5.634
0.441, 5.646
0.441, 5.628
0.441, 5.624
0.440, 5.622
0.440, 5.615
0.440, 5.617
0.440, 5.618
0.440, 5.615
0.440, 5.624
0.440, 5.620
0.440, 5.622
0.439, 5.622
0.439, 5.631
0.439, 5.622
0.439, 5.626
0.439, 5.630
0.439, 5.628
0.439, 5.613
0.439, 5.626
0.438, 5.621
0.438, 5.613
0.438, 5.616
0.438, 5.608
0.438, 5.622
0.438, 5.618
0.438, 5.626
0.438, 5.614
0.438, 5.613
0.437, 5.625
0.437, 5.624
0.437, 5.621
0.437, 5.625
0.437, 5.622
0.437, 5.627
0.437, 5.622
0.437, 5.626
0.436, 5.633
0.436, 5.615
0.436, 5.624
0.436, 5.618
0.436, 5.618
0.436, 5.627
0.436, 5.633
0.436, 5.648
0.436, 5.639
0.435, 5.631
0.435, 5.633
0.435, 5.617
0.435, 5.612
0.435, 5.612
0.435, 5.628
0.435, 5.623
0.435, 5.620
0.434, 5.602
0.434, 5.612
0.434, 5.620
0.434, 5.620
0.434, 5.630
0.434, 5.627
0.434, 5.624
0.434, 5.631
0.434, 5.630
0.433, 5.623
0.433, 5.620
0.433, 5.618
0.433, 5.613
0.433, 5.608
0.433, 5.622
0.433, 5.617
0.433, 5.619
0.433, 5.615
0.432, 5.619
0.432, 5.624
0.432, 5.633
0.432, 5.635
0.432, 5.629
0.432, 5.632
0.432, 5.631
0.432, 5.624
0.431, 5.628
0.431, 5.624
0.431, 5.616
0.431, 5.614
0.431, 5.617
0.431, 5.615
0.431, 5.614
0.431, 5.619
0.431, 5.619
0.430, 5.625
0.430, 5.627
0.430, 5.634
0.430, 5.638
0.430, 5.638
0.430, 5.643
0.430, 5.636
0.430, 5.639
0.430, 5.629
0.429, 5.629
0.429, 5.622
0.429, 5.617
0.429, 5.608
0.429, 5.619
0.429, 5.614
0.429, 5.612
0.429, 5.622
0.429, 5.628
0.428, 5.617
0.428, 5.619
0.428, 5.632
0.428, 5.637
0.428, 5.630
0.428, 5.628
0.428, 5.631
0.428, 5.624
0.428, 5.625
0.427, 5.626
0.427, 5.622
0.427, 5.611
0.427, 5.612
0.427, 5.620
0.427, 5.617
0.427, 5.613
0.427, 5.630
0.427, 5.630
0.426, 5.627
0.426, 5.628
0.426, 5.627
0.426, 5.629
0.426, 5.624
0.426, 5.629
0.426, 5.625
0.426, 5.620
0.426, 5.622
0.425, 5.621
0.425, 5.614
0.425, 5.620
0.425, 5.616
0.425, 5.629
0.425, 5.626
0.425, 5.623
0.425, 5.629
0.425, 5.633
0.424, 5.637
0.424, 5.634
0.424, 5.626
0.424, 5.622
0.424, 5.624
0.424, 5.622
0.424, 5.611
0.424, 5.618
0.424, 5.618
0.423, 5.620
0.423, 5.620
0.423, 5.619
0.423, 5.623
0.423, 5.632
0.423, 5.623
0.423, 5.624
0.423, 5.628
0.423, 5.637
0.422, 5.645
0.422, 5.639
0.422, 5.636
0.422, 5.632
0.422, 5.630
0.422, 5.619
0.422, 5.616
0.422, 5.626
0.422, 5.625
0.421, 5.622
0.421, 5.621
0.421, 5.635
0.421, 5.644
0.421, 5.634
0.421, 5.632
0.421, 5.631
0.421, 5.623
0.421, 5.620
0.420, 5.623
0.420, 5.626
0.420, 5.613
0.420, 5.617
0.420, 5.620
0.420, 5.616
0.420, 5.619
0.420, 5.624
0.420, 5.628
0.419, 5.636
0.419, 5.625
0.419, 5.634
0.419, 5.634
0.419, 5.636
0.419, 5.629
0.419, 5.642
0.419, 5.633
0.419, 5.634
0.418, 5.631
0.418, 5.616
0.418, 5.621
0.418, 5.626
0.418, 5.630
0.418, 5.621
0.418, 5.620
0.418, 5.625
0.418, 5.624
0.418, 5.629
0.417, 5.628
0.417, 5.634
0.417, 5.631
0.417, 5.628
0.417, 5.616
0.417, 5.622
0.417, 5.630
0.417, 5.632
0.417, 5.629
0.416, 5.625
0.416, 5.623
0.416, 5.642
0.416, 5.624
0.416, 5.632
0.416, 5.640
0.416, 5.621
0.416, 5.635
0.416, 5.640
0.415, 5.648
0.415, 5.644
0.415, 5.642
0.415, 5.640
0.415, 5.639
0.415, 5.645
0.415, 5.637
0.415, 5.628
0.415, 5.633
0.415, 5.620
0.414, 5.627
0.414, 5.634
0.414, 5.633
0.414, 5.634
0.414, 5.642
0.414, 5.630
0.414, 5.640
0.414, 5.640
0.414, 5.625
0.413, 5.625
0.413, 5.627
0.413, 5.621
0.413, 5.622
0.413, 5.627
0.413, 5.626
0.413, 5.630
0.413, 5.629
0.413, 5.636
0.413, 5.632
0.412, 5.638
0.412, 5.636
0.412, 5.633
0.412, 5.635
0.412, 5.636
0.412, 5.631
0.412, 5.627
0.412, 5.626
0.412, 5.628
0.411, 5.626
0.411, 5.632
0.411, 5.636
0.411, 5.636
0.411, 5.634
0.411, 5.642
0.411, 5.638
0.411, 5.637
0.411, 5.628
0.411, 5.617
0.410, 5.618
0.410, 5.622
0.410, 5.615
0.410, 5.618
0.410, 5.612
0.410, 5.615
0.410, 5.616
0.410, 5.621
0.410, 5.615
0.410, 5.624
0.409, 5.612
0.409, 5.625
0.409, 5.635
0.409, 5.640
0.409, 5.633
0.409, 5.631
0.409, 5.636
0.409, 5.635
0.409, 5.633
0.408, 5.625
0.408, 5.629
0.408, 5.630
0.408, 5.614
0.408, 5.612
0.408, 5.617
0.408, 5.619
0.408, 5.619
0.408, 5.629
0.408, 5.633
0.407, 5.628
0.407, 5.633
0.407, 5.636
0.407, 5.628
0.407, 5.632
0.407, 5.631
0.407, 5.625
0.407, 5.629
0.407, 5.622
0.407, 5.626
0.406, 5.624
0.406, 5.616
0.406, 5.625
0.406, 5.630
0.406, 5.641
0.406, 5.638
0.406, 5.633
0.406, 5.623
0.406, 5.631
0.406, 5.634
0.405, 5.638
0.405, 5.621
0.405, 5.624
0.405, 5.616
0.405, 5.620
0.405, 5.615
0.405, 5.618
0.405, 5.623
0.405, 5.634
0.405, 5.619
0.404, 5.619
0.404, 5.610
0.404, 5.625
0.404, 5.619
0.404, 5.628
0.404, 5.626
0.404, 5.628
0.404, 5.632
0.404, 5.627
0.404, 5.631
0.403, 5.626
0.403, 5.627
0.403, 5.621
0.403, 5.616
0.403, 5.619
0.403, 5.622
0.403, 5.629
0.403, 5.629
0.403, 5.630
0.403, 5.632
0.402, 5.634
0.402, 5.640
0.402, 5.637
0.402, 5.624
0.402, 5.621
0.402, 5.620
0.402, 5.617
0.402, 5.619
0.402, 5.628
0.402, 5.629
0.401, 5.632
0.401, 5.623
0.401, 5.630
0.401, 5.631
0.401, 5.642
0.401, 5.634
0.401, 5.635
0.401, 5.628
0.401, 5.620
0.401, 5.616
0.400, 5.619
0.400, 5.614
0.400, 5.616
0.400, 5.612
0.400, 5.620
0.400, 5.624
0.400, 5.629
0.400, 5.633
0.400, 5.632
0.400, 5.627
0.399, 5.638
0.399, 5.644
0.399, 5.641
0.399, 5.636
0.399, 5.637
0.399, 5.635
0.399, 5.627
0.399, 5.618
0.399, 5.618
0.399, 5.612
0.398, 5.608
0.398, 5.610
0.398, 5.621
0.398, 5.628
0.398, 5.634
0.398, 5.634
0.398, 5.633
0.398, 5.632
0.398, 5.632
0.398, 5.634
0.397, 5.637
0.397, 5.632
0.397, 5.631
0.397, 5.633
0.397, 5.625
0.397, 5.616
0.397, 5.621
0.397, 5.617
0.397, 5.621
0.397, 5.621
0.397, 5.629

